"","site","impressions","clicks","ctr","rank","ctr_2","cum_clicks","cum_imps","cum_ctr","is_mobile"
"1","americanoverlook.com",13480,0,0,1,0,0,13480,0,FALSE
"2","amijoyo.com",46810,0,0,2,0,0,60290,0,FALSE
"3","depotdolar.com",8534,0,0,3,0,0,68824,0,FALSE
"4","disboards.com",5031,0,0,4,0,0,73855,0,FALSE
"5","every-song.com",24271,0,0,5,0,0,98126,0,FALSE
"6","getfreshy.com",5038,0,0,6,0,0,103164,0,FALSE
"7","global-help.org",12421,0,0,7,0,0,115585,0,FALSE
"8","goear.com",6803,0,0,8,0,0,122388,0,FALSE
"9","homedsgn.com",19905,0,0,9,0,0,142293,0,FALSE
"10","hypertomb.com",17052,0,0,10,0,0,159345,0,FALSE
"11","jgames.com",39279,0,0,11,0,0,198624,0,FALSE
"12","m.pinkbike.com",13072,0,0,12,0,0,211696,0,FALSE
"13","mob.app.51648",52096,0,0,13,0,0,263792,0,TRUE
"14","mob.app.actiongames.games.cbb",10247,0,0,14,0,0,274039,0,TRUE
"15","mylifedaily.com",10750,0,0,15,0,0,284789,0,FALSE
"16","nexp.com.ua",20199,0,0,16,0,0,304988,0,FALSE
"17","obattradisionalku.com",12472,0,0,17,0,0,317460,0,FALSE
"18","revenuehits.com",7102,0,0,18,0,0,324562,0,FALSE
"19","srv.statecolumn.com",12880,0,0,19,0,0,337442,0,FALSE
"20","tasteofhome.com",10425,0,0,20,0,0,347867,0,FALSE
"21","travel.petyear.com",5367,0,0,21,0,0,353234,0,FALSE
"22","viraldips.com",174209,0,0,22,0,0,527443,0,FALSE
"23","wideopenspaces.com",90983,0,0,23,0,0,618426,0,FALSE
"24","worldtruth.tv",12965,0,0,24,0,0,631391,0,FALSE
"25","srv.dinarguru.com",24576,1,4.06901041666667e-05,25,0.00406901041666667,1,655967,1.52446693202554e-06,FALSE
"26","emgn.com",264635,11,4.15666861904132e-05,26,0.00415666861904132,12,920602,1.30349488704131e-05,FALSE
"27","sovrn.net",47537,2,4.20724909018238e-05,27,0.00420724909018238,14,968139,1.44607334277413e-05,FALSE
"28","utappy.com",139485,6,4.30153779976342e-05,28,0.00430153779976342,20,1107624,1.8056669050147e-05,FALSE
"29","newsiosity.com",62878,3,4.77114412036006e-05,29,0.00477114412036006,23,1170502,1.96496887660166e-05,FALSE
"30","movies.answers.com",37517,2,5.33091665111816e-05,30,0.00533091665111816,25,1208019,2.06950387369735e-05,FALSE
"31","all-that-is-interesting.com",37336,2,5.35676023141204e-05,31,0.00535676023141204,27,1245355,2.16805649794637e-05,FALSE
"32","odd-hack.viralnova.com",30919,2,6.46851450564378e-05,32,0.00646851450564378,29,1276274,2.27223934672335e-05,FALSE
"33","wetpaint.com",106342,7,6.58253559271031e-05,33,0.00658253559271031,36,1382616,2.60375982919336e-05,FALSE
"34","vrbo.com",14044,1,7.12047849615494e-05,34,0.00712047849615494,37,1396660,2.64917732304211e-05,FALSE
"35","egokick.com",122725,11,8.96312894683235e-05,35,0.00896312894683235,48,1519385,3.15917295484686e-05,FALSE
"36","silk.viralnova.com",21673,2,9.22807179439856e-05,36,0.00922807179439856,50,1541058,3.24452421647985e-05,FALSE
"37","m.weather.com",607489,60,9.87672204764201e-05,37,0.00987672204764201,110,2148547,5.11973906086299e-05,FALSE
"38","lookcrispy.com",40330,4,9.91817505578974e-05,38,0.00991817505578974,114,2188877,5.20815011533311e-05,FALSE
"39","mobilelikez.com",20081,2,9.95966336337832e-05,39,0.00995966336337832,116,2208958,5.25134475168835e-05,FALSE
"40","m.pirates.mlb.com",19551,2,0.000102296557720833,40,0.0102296557720833,118,2228509,5.29502012332012e-05,FALSE
"41","thewebs.best",355971,38,0.000106750268982586,41,0.0106750268982586,156,2584480,6.03603045873831e-05,FALSE
"42","wowhead.com",9143,1,0.000109373291042327,42,0.0109373291042327,157,2593623,6.05330844151212e-05,FALSE
"43","m.phim14.net",26971,3,0.000111230580994401,43,0.0111230580994401,160,2620594,6.10548600813403e-05,FALSE
"44","screen.answers.com",105461,12,0.00011378613895184,44,0.011378613895184,172,2726055,6.30948385120623e-05,FALSE
"45","opposingviews.com",341388,39,0.000114239516327463,45,0.0114239516327463,211,3067443,6.87869342641412e-05,FALSE
"46","thedishh.com",16763,2,0.000119310385969099,46,0.0119310385969099,213,3084206,6.90615348002047e-05,FALSE
"47","babygaga.com",130126,16,0.000122957748643622,47,0.0122957748643622,229,3214332,7.12434185392175e-05,FALSE
"48","iheartcats.com",15822,2,0.00012640626975098,48,0.012640626975098,231,3230154,7.15136182361584e-05,FALSE
"49","chron.com",23306,3,0.000128722217454733,49,0.0128722217454733,234,3253460,7.19234292107479e-05,FALSE
"50","wayfair.com",15369,2,0.000130132084065326,50,0.0130132084065326,236,3268829,7.21971078939889e-05,FALSE
"51","m.mariners.mlb.com",22953,3,0.000130701869036727,51,0.0130701869036727,239,3291782,7.26050510027699e-05,FALSE
"52","minq.com",30455,4,0.000131341323263832,52,0.0131341323263832,243,3322237,7.31434873550562e-05,FALSE
"53","rare.us",85712,12,0.000140003733432892,53,0.0140003733432892,255,3407949,7.48250634032376e-05,FALSE
"54","itunes.apple.com",35099,5,0.000142454200974387,54,0.0142454200974387,260,3443048,7.55144860019378e-05,FALSE
"55","celebs.answers.com",285283,42,0.000147222231959142,55,0.0147222231959142,302,3728331,8.10013917755693e-05,FALSE
"56","tvguide.com",81092,12,0.000147980072016968,56,0.0147980072016968,314,3809423,8.24271812292833e-05,FALSE
"57","distractify.com",40184,6,0.000149313159466454,57,0.0149313159466454,320,3849607,8.31253683817595e-05,FALSE
"58","checkthisyo.com",292031,44,0.000150668935832155,58,0.0150668935832155,364,4141638,8.78879322625493e-05,FALSE
"59","answers.com",5532268,846,0.000152921008165186,59,0.0152921008165187,1210,9673906,0.000125078742753961,FALSE
"60","nerdist.com",58568,9,0.000153667531757957,60,0.0153667531757957,1219,9732474,0.000125250784127448,FALSE
"61","ameblo.jp",6488,1,0.000154130702836005,61,0.0154130702836005,1220,9738962,0.000125270023643177,FALSE
"62","ghost-evidence.viralnova.com",6378,1,0.000156788962057071,62,0.0156788962057071,1221,9745340,0.000125290651737138,FALSE
"63","savvyshoppers.com",12745,2,0.000156924284032954,63,0.0156924284032954,1223,9758085,0.000125331968311405,FALSE
"64","chicago.suntimes.com",19011,3,0.000157803376992268,64,0.0157803376992268,1226,9777096,0.000125395107095195,FALSE
"65","90min.com",6270,1,0.000159489633173844,65,0.0159489633173844,1227,9783366,0.000125416957721913,FALSE
"66","indiatimes.com",6111,1,0.000163639338897071,66,0.0163639338897071,1228,9789477,0.000125440817727035,FALSE
"67","damndelicious.net",6072,1,0.000164690382081686,67,0.0164690382081686,1229,9795549,0.000125465147486884,FALSE
"68","i.adso.science",48174,8,0.000166064682193714,68,0.0166064682193714,1237,9843723,0.000125663836741444,FALSE
"69","consequenceofsound.net",30057,5,0.000166350600525668,69,0.0166350600525668,1242,9873780,0.0001257876922516,FALSE
"70","seniorpeoplemeet.com",23449,4,0.000170582967290716,70,0.0170582967290716,1246,9897229,0.000125893823412594,FALSE
"71","m.twins.mlb.com",17489,3,0.000171536394304992,71,0.0171536394304992,1249,9914718,0.00012597433431793,FALSE
"72","powernationtv.com",74196,13,0.000175211601703596,72,0.0175211601703596,1262,9988914,0.000126340060591171,FALSE
"73","sfgate.com",17073,3,0.000175716042874714,73,0.0175716042874714,1265,10005987,0.000126424309765743,FALSE
"74","weather.com",556796,98,0.000176007011544623,74,0.0176007011544623,1363,10562783,0.000129037962817186,FALSE
"75","yellowpages.com",16867,3,0.000177862097587004,75,0.0177862097587004,1366,10579650,0.000129115802507644,FALSE
"76","m.athletics.mlb.com",11193,2,0.000178683105512374,76,0.0178683105512374,1368,10590843,0.000129168188028092,FALSE
"77","raininghotcoupons.com",5569,1,0.000179565451607111,77,0.0179565451607111,1369,10596412,0.000129194674574752,FALSE
"78","premium-site1.com",21676,4,0.000184535892231039,78,0.0184535892231039,1373,10618088,0.000129307649362107,FALSE
"79","milliyet.com.tr",5389,1,0.000185563184264242,79,0.0185563184264242,1374,10623477,0.000129336186259922,FALSE
"80","powerblocktv.com",5349,1,0.000186950831931202,80,0.0186950831931202,1375,10628826,0.000129365181065152,FALSE
"81","thesportster.com",107283,21,0.000195743966891306,81,0.0195743966891306,1396,10736109,0.000130028486111682,FALSE
"82","eventhubs.com",15171,3,0.000197745699031046,82,0.0197745699031046,1399,10751280,0.000130124041044415,FALSE
"83","theilovedogssite.com",60535,12,0.000198232427521269,83,0.0198232427521269,1411,10811815,0.000130505377681731,FALSE
"84","goodbyecb.proboards.com",15098,3,0.000198701814809909,84,0.0198701814809909,1414,10826913,0.000130600476793339,FALSE
"85","earthlink.net",39301,8,0.000203557161395384,85,0.0203557161395384,1422,10866214,0.000130864347048567,FALSE
"86","tvnewz.me",24365,5,0.000205212394828648,86,0.0205212394828648,1427,10890579,0.000131030682574361,FALSE
"87","dailymail.co.uk",77321,16,0.000206929553420158,87,0.0206929553420158,1443,10967900,0.000131565750964177,FALSE
"88","m.royals.mlb.com",33763,7,0.000207327547907473,88,0.0207327547907473,1450,11001663,0.000131798256318158,FALSE
"89","m.dodgers.mlb.com",66786,14,0.000209624771658731,89,0.0209624771658731,1464,11068449,0.00013226785433081,FALSE
"90","bbs.tianya.cn",47633,10,0.000209938488023009,90,0.0209938488023009,1474,11116082,0.000132600677109075,FALSE
"91","realtor.com",152412,32,0.000209957221216177,91,0.0209957221216177,1506,11268494,0.000133646962939324,FALSE
"92","therichest.com",321597,68,0.0002114447585021,92,0.02114447585021,1574,11590091,0.00013580566364837,FALSE
"93","diply.com",276671,60,0.000216864073213311,93,0.0216864073213311,1634,11866762,0.000137695523007877,FALSE
"94","m.monthly.appstory.co.kr",128801,28,0.000217389616540244,94,0.0217389616540244,1662,11995563,0.00013855122931704,FALSE
"95","blackpeoplemeet.com",57971,13,0.000224250056062514,95,0.0224250056062514,1675,12053534,0.000138963394470037,FALSE
"96","bulbapedia.bulbagarden.net",12881,3,0.000232901172269234,96,0.0232901172269234,1678,12066415,0.000139063673841816,FALSE
"97","corgis-rule.viralnova.com",46256,11,0.00023780698720166,97,0.023780698720166,1689,12112671,0.000139440755882827,FALSE
"98","top-agof-vermarkter.de",16796,4,0.000238151940938319,98,0.0238151940938319,1693,12129467,0.000139577443922309,FALSE
"99","iranianuk.com",20885,5,0.000239406272444338,99,0.0239406272444338,1698,12150352,0.000139749037723352,FALSE
"100","quizony.com",8350,2,0.000239520958083832,100,0.0239520958083832,1700,12158702,0.000139817556183218,FALSE
"101","anagrammer.com",12490,3,0.000240192153722978,101,0.0240192153722978,1703,12171192,0.000139920559958302,FALSE
"102","m.facebook.com",60928,15,0.000246192226890756,102,0.0246192226890756,1718,12232120,0.00014044989748302,FALSE
"103","ourtime.com",100711,25,0.000248235048803011,103,0.0248235048803011,1743,12332831,0.000141330080660312,FALSE
"104","m.rangers.mlb.com",15569,4,0.000256920804162117,104,0.0256920804162117,1747,12348400,0.000141475818729552,FALSE
"105","m.whitesox.mlb.com",15482,4,0.000258364552383413,105,0.0258364552383413,1751,12363882,0.000141622186300387,FALSE
"106","ghost-haunting.viralnova.com",34432,9,0.000261384758364312,106,0.0261384758364312,1760,12398314,0.000141954785142561,FALSE
"107","wtug.com",139995,37,0.000264295153398336,107,0.0264295153398336,1797,12538309,0.000143320761994301,FALSE
"108","m.padres.mlb.com",22605,6,0.00026542800265428,108,0.026542800265428,1803,12560914,0.00014354050987054,FALSE
"109","lolking.net",33006,9,0.000272677694964552,109,0.0272677694964552,1812,12593920,0.000143878951112918,FALSE
"110","screenrant.com",58104,16,0.000275368305108082,110,0.0275368305108082,1828,12652024,0.000144482811603898,FALSE
"111","myfoxboston.com",92291,26,0.00028171761060125,111,0.028171761060125,1854,12744315,0.00014547663016804,FALSE
"112","match.com",67006,19,0.000283556696415246,112,0.0283556696415246,1873,12811321,0.000146198818997666,FALSE
"113","ijreview.com",27866,8,0.000287088207851862,113,0.0287088207851862,1881,12839187,0.000146504603445685,FALSE
"114","guff.com",23956,7,0.000292202371013525,114,0.0292202371013525,1888,12863143,0.000146775947371494,FALSE
"115","dose.com",131624,39,0.000296298547377378,115,0.0296298547377378,1927,12994767,0.000148290461845141,FALSE
"116","lock.viralnova.com",175278,52,0.000296671573158069,116,0.0296671573158069,1979,13170045,0.000150265242070168,FALSE
"117","m.usmagazine.com",50517,15,0.000296929746421997,117,0.0296929746421997,1994,13220562,0.000150825660815327,FALSE
"118","nfl.com",36793,11,0.000298969912755144,118,0.0298969912755144,2005,13257355,0.000151236804023125,FALSE
"119","twentytwowords.com",30041,9,0.00029959055956859,119,0.029959055956859,2014,13287396,0.000151572211741112,FALSE
"120","m.tigers.mlb.com",46436,14,0.000301490223102765,120,0.0301490223102765,2028,13333832,0.000152094311672743,FALSE
"121","oascentral.dominionenterprises.com",16339,5,0.0003060162800661,121,0.03060162800661,2033,13350171,0.000152282693607445,FALSE
"122","urbantabloid.com",19546,6,0.000306968177632252,122,0.0306968177632252,2039,13369717,0.000152508837696415,FALSE
"123","ghost-pics.viralnova.com",22612,7,0.000309570139748806,123,0.0309570139748806,2046,13392329,0.000152774024592735,FALSE
"124","chicagotribune.com",34505,11,0.000318794377626431,124,0.0318794377626431,2057,13426834,0.000153200672623196,FALSE
"125","accuweather.com",81540,26,0.000318861908265882,125,0.0318861908265882,2083,13508374,0.000154200646206568,FALSE
"126","centercutcook.com",6132,2,0.000326157860404436,126,0.0326157860404436,2085,13514506,0.000154278669157422,FALSE
"127","seriouseats.com",27456,9,0.000327797202797203,127,0.0327797202797203,2094,13541962,0.000154630473782159,FALSE
"128","post-it.viralnova.com",6098,2,0.00032797638570023,128,0.032797638570023,2096,13548060,0.000154708497009904,FALSE
"129","firstslice.com",14385,5,0.000347584289190129,129,0.0347584289190129,2101,13562445,0.000154913070615217,FALSE
"130","spikey.com",5747,2,0.000348007656168436,130,0.0348007656168436,2103,13568192,0.000154994858563322,FALSE
"131","comedycentral.com",94110,33,0.000350653490596111,131,0.0350653490596111,2136,13662302,0.000156342613419027,FALSE
"132","m.milb.com",255476,90,0.000352283580453741,132,0.0352283580453741,2226,13917778,0.000159939323647783,FALSE
"133","hiddenplaybook.com",8461,3,0.00035456801796478,133,0.035456801796478,2229,13926239,0.000160057571897193,FALSE
"134","m.angels.mlb.com",11235,4,0.000356030262572319,134,0.0356030262572319,2233,13937474,0.000160215545514202,FALSE
"135","goal.com",5612,2,0.000356379187455453,135,0.0356379187455453,2235,13943086,0.000160294500084128,FALSE
"136","takoomi.com",162720,58,0.000356440511307768,136,0.0356440511307768,2293,14105806,0.00016255717681074,FALSE
"137","thoughtcatalog.com",190311,68,0.00035730987699082,137,0.035730987699082,2361,14296117,0.000165149739611113,FALSE
"138","m.reds.mlb.com",44661,16,0.000358254405409642,138,0.0358254405409642,2377,14340778,0.000165751118942083,FALSE
"139","axelspringer-mediapilot.de",83667,31,0.000370516452125689,139,0.0370516452125689,2408,14424445,0.000166938831961992,FALSE
"140","m.orioles.mlb.com",23872,9,0.00037701072386059,140,0.037701072386059,2417,14448317,0.000167285919875651,FALSE
"141","wtva.com",5287,2,0.000378286362776622,141,0.0378286362776622,2419,14453604,0.00016736310196405,FALSE
"142","o2cinemas.com",5212,2,0.000383729854182655,142,0.0383729854182655,2421,14458816,0.000167441096145079,FALSE
"143","collegespun.com",7671,3,0.000391083300743058,143,0.0391083300743058,2424,14466487,0.000167559684669817,FALSE
"144","slader.com",5092,2,0.000392772977219167,144,0.0392772977219167,2426,14471579,0.000167638928689122,FALSE
"145","quackit.com",17611,7,0.000397478848446993,145,0.0397478848446993,2433,14489190,0.000167918289428187,FALSE
"146","countercurrentnews.com",103193,42,0.000407004351070325,146,0.0407004351070325,2475,14592383,0.000169609035069872,FALSE
"147","tvtropes.org",16777,7,0.000417237885199976,147,0.0417237885199976,2482,14609160,0.000169893409340441,FALSE
"148","m.cardinals.mlb.com",26351,11,0.000417441463322075,148,0.0417441463322075,2493,14635511,0.000170339115593572,FALSE
"149","brainfall.com",23864,10,0.000419041233657392,149,0.0419041233657392,2503,14659375,0.000170743977829887,FALSE
"150","tellytv.me",25844,11,0.000425630707320848,150,0.0425630707320848,2514,14685219,0.000171192544013133,FALSE
"151","wordplays.com",37212,16,0.000429968827260024,151,0.0429968827260024,2530,14722431,0.000171846619624164,FALSE
"152","diyncrafts.com",50962,22,0.000431694203524195,152,0.0431694203524194,2552,14773393,0.000172742984634606,FALSE
"153","m.phillies.mlb.com",43827,19,0.000433522714308531,153,0.0433522714308531,2571,14817220,0.000173514329948533,FALSE
"154","terraria.gamepedia.com",31863,14,0.000439381100335813,154,0.0439381100335813,2585,14849083,0.00017408482395849,FALSE
"155","ninjadrum.info",89842,40,0.000445226063533759,155,0.0445226063533759,2625,14938925,0.000175715454759964,FALSE
"156","whitepages.com",74333,34,0.000457401154265266,156,0.0457401154265266,2659,15013258,0.000177110124930911,FALSE
"157","celebseven.com",28161,13,0.000461631334114556,157,0.0461631334114556,2672,15041419,0.000177642814152042,FALSE
"158","jsonline.com",19022,9,0.000473136368415519,158,0.0473136368415519,2681,15060441,0.00017801603551981,FALSE
"159","examiner.com",40096,19,0.000473862729449322,159,0.0473862729449322,2700,15100537,0.000178801588314376,FALSE
"160","online.wsj.com",41437,20,0.000482660424258513,160,0.0482660424258513,2720,15141974,0.000179633117848439,FALSE
"161","fb-821.lifebuzz.com",18077,9,0.000497870221828843,161,0.0497870221828843,2729,15160051,0.000180012587028896,FALSE
"162","symptom.viralnova.com",11946,6,0.000502260170768458,162,0.0502260170768458,2735,15171997,0.000180266315633993,FALSE
"163","stars.topix.com",5810,3,0.000516351118760757,163,0.0516351118760757,2738,15177807,0.000180394967467962,FALSE
"164","sporcle.com",28535,15,0.000525670229542667,164,0.0525670229542667,2753,15206342,0.000181042883291721,FALSE
"165","futhead.com",22776,12,0.000526870389884088,165,0.0526870389884088,2765,15229118,0.000181560087721429,FALSE
"166","dinarguru.com",15157,8,0.000527808933166194,166,0.0527808933166194,2773,15244275,0.000181904354257582,FALSE
"167","merriam-webster.com",5682,3,0.000527983104540655,167,0.0527983104540655,2776,15249957,0.000182033300159469,FALSE
"168","webmail.earthlink.net",31993,17,0.000531366236364205,168,0.0531366236364205,2793,15281950,0.000182764634094471,FALSE
"169","salon.com",120419,64,0.000531477590745646,169,0.0531477590745646,2857,15402369,0.000185490946230414,FALSE
"170","tellypromos.com",676558,360,0.000532105155803346,170,0.0532105155803346,3217,16078927,0.000200075539866559,FALSE
"171","wordfind.com",220054,120,0.00054532069401147,171,0.054532069401147,3337,16298981,0.00020473672556585,FALSE
"172","queerty.com",27380,15,0.000547845142439737,172,0.0547845142439737,3352,16326361,0.000205312132936421,FALSE
"173","primesite1.com",12568,7,0.000556970082749841,173,0.0556970082749841,3359,16338929,0.000205582630293577,FALSE
"174","mob.app.314716233",14361,8,0.0005570642712903,174,0.05570642712903,3367,16353290,0.000205891291599427,TRUE
"175","comicbook.com",14277,8,0.000560341808503187,175,0.0560341808503187,3375,16367567,0.000206200469501668,FALSE
"176","m.mlb.com",174634,100,0.000572626178178362,176,0.0572626178178362,3475,16542201,0.000210068781052775,FALSE
"177","webmaila.netzero.net",36667,21,0.000572722066163035,177,0.0572722066163035,3496,16578868,0.0002108708507722,FALSE
"178","m.gazetaexpress.com",27909,16,0.000573291769680031,178,0.0573291769680031,3512,16606777,0.000211479927742752,FALSE
"179","skysports.com",5230,3,0.000573613766730402,179,0.0573613766730402,3515,16612007,0.00021159393925129,FALSE
"180","dailydot.com",224615,130,0.000578768114328963,180,0.0578768114328963,3645,16836622,0.000216492358146426,FALSE
"181","webmailb.juno.com",56216,33,0.000587021488544187,181,0.0587021488544187,3678,16892838,0.00021772540528714,FALSE
"182","fb-828.lifebuzz.com",6719,4,0.000595326685518678,182,0.0595326685518678,3682,16899557,0.000217875533660439,FALSE
"183","sportspyder.com",6703,4,0.000596747724899299,183,0.0596747724899299,3686,16906260,0.000218025749042071,FALSE
"184","fixya.com",20079,12,0.000597639324667563,184,0.0597639324667563,3698,16926339,0.000218476068569819,FALSE
"185","list25.com",15045,9,0.000598205383848455,185,0.0598205383848455,3707,16941384,0.000218813291759398,FALSE
"186","jobsearch.monster.com",43422,26,0.000598774814610105,186,0.0598774814610105,3733,16984806,0.000219784671076019,FALSE
"187","recipechart.com",91383,55,0.000601862490835276,187,0.0601862490835276,3788,17076189,0.000221829355484412,FALSE
"188","m.topix.com",21477,13,0.000605298691623597,188,0.0605298691623597,3801,17097666,0.000222311045261967,FALSE
"189","starmagazine.com",6603,4,0.000605785249129184,189,0.0605785249129184,3805,17104269,0.000222459083168068,FALSE
"190","webmailb.netzero.net",49496,30,0.000606109584612898,190,0.0606109584612898,3835,17153765,0.000223566080099617,FALSE
"191","planetminecraft.com",22946,14,0.00061012812690665,191,0.061012812690665,3849,17176711,0.000224082480051041,FALSE
"192","m.kleinanzeigen.ebay.de",16343,10,0.000611882763262559,192,0.0611882763262559,3859,17193054,0.000224451106824884,FALSE
"193","drudgereport.com",12964,8,0.000617093489663684,193,0.0617093489663684,3867,17206018,0.000224746946097581,FALSE
"194","mugshots.com",6401,4,0.000624902359006405,194,0.0624902359006405,3871,17212419,0.000224895756953163,FALSE
"195","court.viralnova.com",38170,24,0.000628766046633482,195,0.0628766046633482,3895,17250589,0.000225789391886851,FALSE
"196","fb-troublemakers.com",12639,8,0.000632961468470607,196,0.0632961468470607,3903,17263228,0.000226087496498337,FALSE
"197","theweek.com",16709,11,0.000658327847267939,197,0.0658327847267939,3914,17279937,0.000226505455430769,FALSE
"198","reflect-creative.viralnova.com",11980,8,0.000667779632721202,198,0.0667779632721202,3922,17291917,0.000226811174261362,FALSE
"199","cnn.com",43245,29,0.000670597756966123,199,0.0670597756966123,3951,17335162,0.000227918262315633,FALSE
"200","muthead.com",13414,9,0.000670940808110929,200,0.0670940808110929,3960,17348576,0.000228260809417442,FALSE
"201","giant-bugs.viralnova.com",25054,17,0.000678534365769937,201,0.0678534365769937,3977,17373630,0.000228910135648106,FALSE
"202","wunderground.com",64667,44,0.000680408863871836,202,0.0680408863871836,4021,17438297,0.000230584442964815,FALSE
"203","phoneky.com",5875,4,0.000680851063829787,203,0.0680851063829787,4025,17444172,0.000230736087674439,FALSE
"204","variety.com",14494,10,0.000689940665102801,204,0.0689940665102801,4035,17458666,0.000231117314461483,FALSE
"205","godlikeproductions.com",176811,122,0.000690002318860252,205,0.0690002318860252,4157,17635477,0.000235718035865999,FALSE
"206","spanishdict.com",18705,13,0.000695001336541032,206,0.0695001336541032,4170,17654182,0.000236204656777641,FALSE
"207","buzzlamp.com",123360,86,0.000697146562905318,207,0.0697146562905318,4256,17777542,0.00023940317508461,FALSE
"208","lifebuzz.com",365683,255,0.000697325278998477,208,0.0697325278998477,4511,18143225,0.000248632754099671,FALSE
"209","scrabblecheat.com",46544,33,0.000709006531454108,209,0.0709006531454108,4544,18189769,0.000249810759004141,FALSE
"210","mob.app.wordscheat.com",50366,36,0.00071476789897947,210,0.071476789897947,4580,18240135,0.0002510946327974,TRUE
"211","perfectvacation.co",5428,4,0.000736919675755343,211,0.0736919675755343,4584,18245563,0.000251239164283393,FALSE
"212","m.100nests.com",27115,20,0.000737599114881062,212,0.0737599114881062,4604,18272678,0.000251960878421871,FALSE
"213","smashboards.com",18805,14,0.00074448285030577,213,0.074448285030577,4618,18291483,0.000252467227506922,FALSE
"214","webmaila.juno.com",98367,75,0.000762450821921986,214,0.0762450821921986,4693,18389850,0.000255195121221761,FALSE
"215","m.astros.mlb.com",10219,8,0.000782855465309717,215,0.0782855465309717,4701,18400069,0.000255488172354136,FALSE
"216","mob.app.com.enflick.android.textnow",16512,13,0.000787306201550388,216,0.0787306201550388,4714,18416581,0.000255964991547562,TRUE
"217","mytaste.es",6126,5,0.000816193274567418,217,0.0816193274567417,4719,18422707,0.000256151281133658,FALSE
"218","latimes.com",73989,62,0.000837962399816189,218,0.0837962399816189,4781,18496696,0.000258478595312374,FALSE
"219","mob.app.43924",170446,143,0.000838975393966417,219,0.0838975393966418,4924,18667142,0.000263778997341961,TRUE
"220","m.cricbuzz.com",34318,30,0.000874176816830818,220,0.0874176816830818,4954,18701460,0.000264899104134116,FALSE
"221","businessinsider.com",5716,5,0.000874737578726382,221,0.0874737578726382,4959,18707176,0.000265085441009375,FALSE
"222","underground.viralnova.com",47876,42,0.000877266271200602,222,0.0877266271200602,5001,18755052,0.0002666481543213,FALSE
"223","freerice.com",110987,99,0.000891996359934046,223,0.0891996359934046,5100,18866039,0.000270327014589549,FALSE
"224","wineverygame.com",11196,10,0.000893176134333691,224,0.0893176134333691,5110,18877235,0.000270696423496344,FALSE
"225","player.listenlive.co",15590,14,0.000898011545862733,225,0.0898011545862732,5124,18892825,0.000271214072008818,FALSE
"226","lonny.com",29957,27,0.000901291851654037,226,0.0901291851654037,5151,18922782,0.000272211559589917,FALSE
"227","ad1.guardianlv.com",17578,16,0.000910228694959609,227,0.0910228694959609,5167,18940360,0.000272803684829644,FALSE
"228","aplus.com",6513,6,0.000921234454168586,228,0.0921234454168586,5173,18946873,0.000273026583331191,FALSE
"229","webmail.c.earthlink.net",5417,5,0.000923020121838656,229,0.0923020121838656,5178,18952290,0.000273212366421155,FALSE
"230","myfitnesspal.com",14900,14,0.000939597315436242,230,0.0939597315436242,5192,18967190,0.000273735856497457,FALSE
"231","bigbangreviews.com",28574,28,0.000979911807937286,231,0.0979911807937286,5220,18995764,0.000274798107620204,FALSE
"232","mob.app.com.laurencedawson.reddit_sync",56091,56,0.000998377636340946,232,0.0998377636340946,5276,19051855,0.000276928414582202,TRUE
"233","samsclub.com",40806,41,0.00100475420281331,233,0.100475420281331,5317,19092661,0.000278483968264036,FALSE
"234","cliffsnotes.com",11850,12,0.0010126582278481,234,0.10126582278481,5329,19104511,0.000278939356259891,FALSE
"235","nbcnews.com",22646,23,0.00101563189967323,235,0.101563189967323,5352,19127157,0.000279811578898004,FALSE
"236","history.com",25081,26,0.00103664128224552,236,0.103664128224552,5378,19152238,0.000280802692614827,FALSE
"237","yellowbullet.com",34402,36,0.0010464507877449,237,0.10464507877449,5414,19186640,0.000282175513795016,FALSE
"238","textnow.com",188459,201,0.00106654497795276,238,0.106654497795276,5615,19375099,0.000289804970802988,FALSE
"239","suggest.com",62745,68,0.00108375169336202,239,0.108375169336202,5683,19437844,0.000292367816101415,FALSE
"240","townhall.com",5382,6,0.00111482720178372,240,0.111482720178372,5689,19443226,0.000292595477725764,FALSE
"241","google.com",6203,7,0.00112848621634693,241,0.112848621634693,5696,19449429,0.000292862068084364,FALSE
"242","mob.app.45870",41321,47,0.00113743617047022,242,0.113743617047022,5743,19490750,0.000294652591613971,TRUE
"243","healthline.com",6893,8,0.00116059770781953,243,0.116059770781953,5751,19497643,0.000294958729114078,FALSE
"244","realsimple.com",161761,189,0.0011683904031256,244,0.11683904031256,5940,19659404,0.000302145477044981,FALSE
"245","brainjet.com",179479,211,0.0011756250034823,245,0.11756250034823,6151,19838883,0.000310047697745886,FALSE
"246","newegg.com",5081,6,0.00118086990749852,246,0.118086990749852,6157,19843964,0.000310270669710951,FALSE
"247","tagged.com",64667,77,0.00119071551177571,247,0.119071551177571,6234,19908631,0.000313130521129253,FALSE
"248","okcupid.com",1831214,2202,0.00120248097710044,248,0.120248097710044,8436,21739845,0.000388043245018536,FALSE
"249","bet.com",59997,75,0.00125006250312516,249,0.125006250312516,8511,21799842,0.000390415673654882,FALSE
"250","makeit-loveit.com",81886,103,0.00125784627408837,250,0.125784627408837,8614,21881728,0.00039366178027622,FALSE
"251","mob.app.45100",20436,26,0.00127226463104326,251,0.127226463104326,8640,21902164,0.000394481568122675,TRUE
"252","mobileentertainmentsites.com",123460,158,0.00127976672606512,252,0.127976672606512,8798,22025624,0.000399443847765675,FALSE
"253","mlb.mlb.com",21845,28,0.0012817578393225,253,0.12817578393225,8826,22047469,0.000400318059184027,FALSE
"254","m.tagged.com",67207,88,0.00130938741500141,254,0.130938741500141,8914,22114676,0.000403080741494924,FALSE
"255","lookbook.nu",89638,121,0.00134987393739262,255,0.134987393739262,9035,22204314,0.000406902910848766,FALSE
"256","doctoroz.com",7397,10,0.00135189941868325,256,0.135189941868325,9045,22211711,0.000407217615968441,FALSE
"257","parentsociety.com",21205,29,0.00136760198066494,257,0.136760198066494,9074,22232916,0.000408133597949995,FALSE
"258","kleinanzeigen.ebay.de",19713,27,0.00136965454268757,258,0.136965454268757,9101,22252629,0.000408985383255165,FALSE
"259","southernliving.com",33994,47,0.0013825969288698,259,0.13825969288698,9148,22286623,0.000410470442291773,FALSE
"260","swifty.com",6467,9,0.00139168084119375,260,0.139168084119375,9157,22293090,0.000410755081507319,FALSE
"261","m.premiumsite.com",5662,8,0.00141292829388909,261,0.141292829388908,9165,22298752,0.000411009548875202,FALSE
"262","thestir.cafemom.com",55915,80,0.00143074309219351,262,0.143074309219351,9245,22354667,0.000413560175152687,FALSE
"263","soaps.sheknows.com",20792,30,0.00144286263947672,263,0.144286263947672,9275,22375459,0.000414516636284422,FALSE
"264","ebay.de",64504,94,0.00145727396750589,264,0.145727396750589,9369,22439963,0.000417514057398401,FALSE
"265","mob.app.com.animemobile",23618,35,0.0014819205690575,265,0.14819205690575,9404,22463581,0.000418633164498572,TRUE
"266","usmagazine.com",82455,123,0.00149172275786793,266,0.149172275786793,9527,22546036,0.000422557650488982,FALSE
"267","quizyourfriends.com",25756,39,0.00151421028109955,267,0.151421028109955,9566,22571792,0.000423803302812643,FALSE
"268","likesgag.com",15169,23,0.00151625024721471,268,0.151625024721471,9589,22586961,0.000424536970688531,FALSE
"269","cnet.com",5933,9,0.00151693915388505,269,0.151693915388505,9598,22592894,0.000424823840628828,FALSE
"270","milb.com",98195,151,0.00153775650491369,270,0.153775650491369,9749,22691089,0.000429640023006388,FALSE
"271","animehaven.org",59519,92,0.00154572489457148,271,0.154572489457148,9841,22750608,0.000432559868290113,FALSE
"272","anilinkz.tv",14984,24,0.00160170848905499,272,0.160170848905499,9865,22765592,0.000433329385855637,FALSE
"273","anime.place",13098,21,0.00160329821346771,273,0.160329821346771,9886,22778690,0.000434002130939049,FALSE
"274","webmail.roadrunner.com",12963,21,0.0016199953714418,274,0.16199953714418,9907,22791653,0.000434676677466088,FALSE
"275","mob.app.com.ndtv.india",10456,17,0.00162586074980872,275,0.162586074980872,9924,22802109,0.000435222899776508,TRUE
"276","m.wsbtv.com",72978,122,0.00167173668776892,276,0.167173668776892,10046,22875087,0.000439167728629841,FALSE
"277","mob.app.47708",5968,10,0.00167560321715818,277,0.167560321715818,10056,22881055,0.000439490224554768,TRUE
"278","datawrkz.com",20627,35,0.00169680515828768,278,0.169680515828768,10091,22901682,0.000440622658196022,FALSE
"279","mob.app.39666",24066,41,0.00170364830050694,279,0.170364830050694,10132,22925748,0.000441948502618104,TRUE
"280","topix.com",26023,45,0.00172923951888714,280,0.172923951888714,10177,22951771,0.000443408048991078,FALSE
"281","iflscience.com",23741,43,0.00181121267006445,281,0.181121267006445,10220,22975512,0.000444821425524706,FALSE
"282","vox.com",34635,63,0.0018189692507579,282,0.18189692507579,10283,23010147,0.000446889800399798,FALSE
"283","besthealthmag.ca",11920,22,0.00184563758389262,283,0.184563758389262,10305,23022067,0.000447614021799172,FALSE
"284","laughfactory.com",42696,79,0.00185029042533258,284,0.185029042533258,10384,23064763,0.000450210565788168,FALSE
"285","mail.twc.com",13964,26,0.00186193067888857,285,0.186193067888857,10410,23078727,0.000451064740269253,FALSE
"286","premiumsite.com",10017,19,0.00189677548168114,286,0.189677548168114,10429,23088744,0.000451691958644437,FALSE
"287","chess.com",14193,28,0.00197280349468048,287,0.197280349468048,10457,23102937,0.000452626434465886,FALSE
"288","mob.app.306937222",4024,8,0.00198807157057654,288,0.198807157057654,10465,23106961,0.000452893827102577,TRUE
"289","classmates.com",15520,31,0.00199742268041237,289,0.199742268041237,10496,23122481,0.00045393052761077,FALSE
"290","unscramblewords.com",4815,10,0.00207684319833853,290,0.207684319833853,10506,23127296,0.000454268410799083,FALSE
"291","m.twittascope.com",32199,67,0.00208080996304233,291,0.208080996304233,10573,23159495,0.000456529816388483,FALSE
"292","phonearena.com",8961,19,0.00212029907376409,292,0.212029907376409,10592,23168456,0.000457173322210164,FALSE
"293","mob.app.33322",44448,95,0.00213732901367891,293,0.213732901367891,10687,23212904,0.000460390479364409,TRUE
"294","mob.app.527111678",34494,74,0.00214530063199397,294,0.214530063199397,10761,23247398,0.000462890513596403,TRUE
"295","howthemarketworks.com",60717,133,0.00219049030749214,295,0.219049030749214,10894,23308115,0.000467390863654139,FALSE
"296","m.stltoday.com",3617,8,0.00221177771633951,296,0.221177771633951,10902,23311732,0.000467661519101198,FALSE
"297","quikr.com",10756,24,0.00223131275567125,297,0.223131275567125,10926,23322488,0.000468474889986008,FALSE
"298","mob.app.35508",131460,295,0.00224402860185608,298,0.224402860185608,11221,23453948,0.000478426915587943,TRUE
"299","filmymp4.com",8899,20,0.00224744353298123,299,0.224744353298123,11241,23462847,0.000479097869069342,FALSE
"300","game3.pogo.com",3958,9,0.00227387569479535,300,0.227387569479535,11250,23466805,0.000479400583078949,FALSE
"301","anispace.net",6974,16,0.00229423573272154,301,0.229423573272154,11266,23473779,0.000479939765983142,FALSE
"302","premium-site-34.com",21074,49,0.00232513998291734,302,0.232513998291734,11315,23494853,0.000481594841219053,FALSE
"303","foreverceleb.com",40159,94,0.00234069573445554,303,0.234069573445554,11409,23535012,0.000484767120577631,FALSE
"304","mobile.fandango.com",7592,18,0.0023709167544784,304,0.23709167544784,11427,23542604,0.000485375364594333,FALSE
"305","sunset.com",40734,99,0.00243040212107821,305,0.243040212107821,11526,23583338,0.000488734885621365,FALSE
"306","mob.app.26568",237956,588,0.00247104506715527,306,0.247104506715527,12114,23821294,0.000508536605945924,TRUE
"307","mob.app.33330",136453,343,0.00251368603108763,307,0.251368603108763,12457,23957747,0.000519957072758135,TRUE
"308","cinemablend.com",39242,99,0.00252280719637123,308,0.252280719637124,12556,23996989,0.000523232310520291,FALSE
"309","mob.app.553453819",8321,21,0.00252373512798942,309,0.252373512798942,12577,24005310,0.000523925748094901,TRUE
"310","mob.app.24199",408650,1042,0.00254985929279334,310,0.254985929279334,13619,24413960,0.000557836582021106,TRUE
"311","m.avaz.ba",7755,20,0.00257898130238556,311,0.257898130238556,13639,24421715,0.00055847838696013,FALSE
"312","forlocations.com",7749,20,0.00258097819073429,312,0.258097819073429,13659,24429464,0.000559119921746953,FALSE
"313","cyclingnews.com",9655,25,0.00258933195235629,313,0.258933195235629,13684,24439119,0.000559921984094435,FALSE
"314","m.softonic.com",11078,29,0.00261780104712042,314,0.261780104712042,13713,24450197,0.000560854376756146,FALSE
"315","pinger.com",3757,10,0.00266169816342827,315,0.266169816342827,13723,24453954,0.000561177141332645,FALSE
"316","mob.app.36876",36853,100,0.0027134832985103,316,0.27134832985103,13823,24490807,0.000564415864287363,TRUE
"317","independent.co.uk",4730,13,0.00274841437632135,317,0.274841437632135,13836,24495537,0.000564837586536682,FALSE
"318","spendcrazy.net",667969,1882,0.00281749602152196,318,0.281749602152196,15718,25163506,0.000624634738895288,FALSE
"319","m0ney-saver.diply.com",8326,24,0.00288253663223637,319,0.288253663223637,15742,25171832,0.000625381577312291,FALSE
"320","washingtonweeklynews.com",13811,40,0.00289624212584172,320,0.289624212584172,15782,25185643,0.000626626844508199,FALSE
"321","m.actitudfem.com",3103,9,0.0029004189494038,321,0.29004189494038,15791,25188746,0.000626906952811387,FALSE
"322","ads.news247.info",5125,15,0.00292682926829268,322,0.292682926829268,15806,25193871,0.000627374808738205,FALSE
"323","yahoonetplus.com",7789,23,0.00295288226986776,323,0.295288226986776,15829,25201660,0.000628093546218781,FALSE
"324","mob.app.45558",60284,179,0.00296927874726296,324,0.296927874726296,16008,25261944,0.000633680448345543,TRUE
"325","puzzledhearts.com",14520,44,0.00303030303030303,325,0.303030303030303,16052,25276464,0.000635057182048882,FALSE
"326","us.msn.com",7466,23,0.00308063219930351,326,0.308063219930351,16075,25283930,0.000635779327027088,FALSE
"327","hosted.ap.org",4182,13,0.00310856049736968,327,0.310856049736968,16088,25288112,0.000636188261108619,FALSE
"328","mob.app.566564331",680779,2188,0.00321396517812682,328,0.321396517812682,18276,25968891,0.000703765131903399,TRUE
"329","mob.app.26188",56182,182,0.00323947171692001,329,0.323947171692001,18458,26025073,0.000709239124900822,TRUE
"330","paul-caught.diply.com",2469,8,0.00324017820980154,330,0.324017820980154,18466,26027542,0.000709479212443495,FALSE
"331","news247.info",185845,620,0.00333611342785655,331,0.333611342785655,19086,26213387,0.000728101256049056,FALSE
"332","mob.app.25906",313402,1047,0.00334075723830735,332,0.334075723830735,20133,26526789,0.000758968603399379,TRUE
"333","bangladeshtime.com",16587,56,0.00337613793935009,333,0.337613793935009,20189,26543376,0.000760604076889089,FALSE
"334","allyou.com",51532,176,0.00341535356671583,334,0.341535356671583,20365,26594908,0.000765748089822307,FALSE
"335","randomenthusiasm.com",3500,12,0.00342857142857143,335,0.342857142857143,20377,26598408,0.000766098482285105,FALSE
"336","m.ajc.com",31930,111,0.00347635452552458,336,0.347635452552458,20488,26630338,0.000769348102153266,FALSE
"337","mob.app.37026",45381,158,0.00348163328265133,337,0.348163328265133,20646,26675719,0.000773962268833316,TRUE
"338","miniclip.com",2288,8,0.0034965034965035,338,0.34965034965035,20654,26678007,0.000774195763574093,FALSE
"339","mob.app.com.gogii.textplus",674199,2371,0.00351676582136728,339,0.351676582136728,23025,27352206,0.0008417968188745,TRUE
"340","sgn.com",55566,198,0.00356333009394234,340,0.356333009394234,23223,27407772,0.000847314404104062,FALSE
"341","mob.app.448999087",245068,889,0.00362756459431668,341,0.362756459431668,24112,27652840,0.000871953839099347,TRUE
"342","locatetv.com",17697,66,0.00372944566875742,342,0.372944566875742,24178,27670537,0.000873781379812036,FALSE
"343","surprise-blindfold.diply.com",14671,55,0.00374889237270806,343,0.374889237270806,24233,27685208,0.00087530496429718,FALSE
"344","let-it-rip.diply.com",2109,8,0.00379326695116169,344,0.379326695116169,24241,27687317,0.000875527231475697,FALSE
"345","mob.app.321916506",22370,86,0.00384443451050514,345,0.384443451050514,24327,27709687,0.000877924027073998,TRUE
"346","scopely.com",34509,136,0.00394100089831638,346,0.394100089831638,24463,27744196,0.000881733966988988,FALSE
"347","showreview.tv",26322,105,0.00398905858217461,347,0.398905858217461,24568,27770518,0.000884679212681593,FALSE
"348","globalpost.com",15147,61,0.00402720010563148,348,0.402720010563148,24629,27785665,0.000886392317765294,FALSE
"349","mob.app.com.surpax.ledflashlight.panel",73509,313,0.00425798201580759,349,0.425798201580759,24942,27859174,0.00089528856813917,TRUE
"350","herogamesworld.com",3693,16,0.00433252098564852,350,0.433252098564852,24958,27862867,0.000895744145783706,FALSE
"351","mommypie.com",21493,94,0.00437351695900991,351,0.437351695900991,25052,27884360,0.000898424780055917,FALSE
"352","mob.app.com.pinger.textfree",64424,286,0.00443933937662983,352,0.443933937662983,25338,27948784,0.000906586848286494,TRUE
"353","tvnotas.com.mx",5559,25,0.00449721172872819,353,0.449721172872819,25363,27954343,0.00090730087986686,FALSE
"354","mysterious-things.diply.com",1745,8,0.00458452722063037,354,0.458452722063037,25371,27956088,0.000907530409834166,FALSE
"355","melodyfacts.com",19584,90,0.00459558823529412,355,0.459558823529412,25461,27975672,0.000910112186045075,FALSE
"356","mob.app.28960",55485,255,0.00459583671262503,356,0.459583671262503,25716,28031157,0.000917407725981486,TRUE
"357","mob.app.com.thechive",74277,342,0.0046043862837756,357,0.46043862837756,26058,28105434,0.00092715166753874,TRUE
"358","mob.app.51586",424553,1958,0.00461190946713367,358,0.461190946713367,28016,28529987,0.000981984324072773,TRUE
"359","jokerz.com",21641,100,0.00462085855551962,359,0.462085855551962,28116,28551628,0.000984742446210072,FALSE
"360","cookinglight.com",65980,308,0.00466808123673841,360,0.466808123673841,28424,28617608,0.000993234654692314,FALSE
"361","nbcwomen.com",249023,1175,0.00471843966219988,361,0.471843966219988,29599,28866631,0.00102537078192464,FALSE
"362","mob.app.595730631",18273,88,0.00481584851967384,362,0.481584851967384,29687,28884904,0.0010277686919091,TRUE
"363","health.com",420432,2057,0.00489258667275564,363,0.489258667275564,31744,29305336,0.0010832156983288,FALSE
"364","mob.app.377869410",144836,715,0.00493661796790853,364,0.493661796790853,32459,29450172,0.00110216673776982,TRUE
"365","shape.com",11638,58,0.00498367417081973,365,0.498367417081973,32517,29461810,0.0011037000102845,FALSE
"366","mob.app.com.pinger.ppa",18648,93,0.00498712998712999,366,0.498712998712999,32610,29480458,0.00110615649186997,TRUE
"367","babynameswizard.com",159057,802,0.00504221756980202,367,0.504221756980202,33412,29639515,0.00112727890452998,FALSE
"368","897.iphone.com.cmgdigital.ajcdigest.adsenseformobileapps.com",27735,141,0.00508382909680909,368,0.508382909680909,33553,29667250,0.00113097776167323,FALSE
"369","dictionary.reference.com",29352,155,0.00528073044426274,369,0.528073044426274,33708,29696602,0.00113507936025812,FALSE
"370","mapquest.com",23542,125,0.00530965933225724,370,0.530965933225724,33833,29720144,0.00113838613971722,FALSE
"371","mob.app.36874",26285,140,0.00532623169107856,371,0.532623169107856,33973,29746429,0.00114208666862164,TRUE
"372","mob.app.287734809",36952,198,0.00535830266291405,372,0.535830266291405,34171,29783381,0.00114731769371651,TRUE
"373","mob.app.com.flyclops.domino.android",84655,462,0.00545744492351308,373,0.545744492351308,34633,29868036,0.00115953389101312,TRUE
"374","angelfire.com",10885,61,0.00560404225999081,374,0.560404225999081,34694,29878921,0.00116115304163761,FALSE
"375","mob.app.mobi.ifunny",33746,194,0.00574882949090263,375,0.574882949090262,34888,29912667,0.00116632863261574,TRUE
"376","m.ksl.com",11020,65,0.0058983666061706,376,0.58983666061706,34953,29923687,0.00116807130083937,FALSE
"377","mob.app.429610587",124204,742,0.00597404270393868,377,0.597404270393868,35695,30047891,0.00118793695038364,TRUE
"378","venicebeach.com",2963,18,0.00607492406344921,378,0.607492406344921,35713,30050854,0.00118841880500301,FALSE
"379","clipd.com",8364,51,0.00609756097560976,379,0.609756097560976,35764,30059218,0.00118978477750153,FALSE
"380","mob.app.913264891",14266,87,0.00609841581382308,380,0.609841581382308,35851,30073484,0.00119211329156276,TRUE
"381","mob.app.com.fivemobile.thescore",11026,68,0.00616724106656993,381,0.616724106656993,35919,30084510,0.00119393668037139,TRUE
"382","mob.app.com.pinger.textfree.call",2271289,14066,0.00619295915226992,382,0.619295915226992,49985,32355799,0.00154485444788429,TRUE
"383","mob.app.286756410",18150,114,0.00628099173553719,383,0.628099173553719,50099,32373949,0.00154750969676267,TRUE
"384","mob.app.com.talkatone.android",1022552,6575,0.00642999084643128,384,0.642999084643128,56674,33396501,0.00169700412627059,TRUE
"385","mob.app.399355755",651139,4353,0.00668520853458325,385,0.668520853458325,61027,34047640,0.00179240029558583,TRUE
"386","greatist.com",9936,69,0.00694444444444444,386,0.694444444444444,61096,34057576,0.00179390335941701,FALSE
"387","existentialcomics.com",7917,56,0.00707338638373121,387,0.707338638373121,61152,34065493,0.00179513033907949,FALSE
"388","slickamericans.com",9710,70,0.00720906282183316,388,0.720906282183316,61222,34075203,0.00179667308218237,FALSE
"389","mob.app.com.pinger.gif.chat.text.free",30516,222,0.00727487219819111,389,0.727487219819111,61444,34105719,0.00180157468605192,TRUE
"390","mob.app.com.newtoyinc.newwordswithfriendsfree",45744,348,0.00760755508919203,390,0.760755508919203,61792,34151463,0.00180935147639209,TRUE
"391","mob.app.444741112",18772,144,0.00767099936075005,391,0.767099936075005,61936,34170235,0.00181257167239265,TRUE
"392","mob.app.com.katjakaka077.kreativnyeshtuchki",21349,167,0.00782238043936484,392,0.782238043936484,62103,34191584,0.00181632415743009,TRUE
"393","mob.app.devian.tubemate.home",16588,130,0.00783699059561128,393,0.783699059561128,62233,34208172,0.00181924365908824,TRUE
"394","mob.app.com.musicdownload.atmusicatring",13206,104,0.00787520823867939,394,0.787520823867939,62337,34221378,0.00182158065055124,TRUE
"395","mob.app.visual.cardgame.spider",25546,208,0.00814217490018007,395,0.814217490018007,62545,34246924,0.00182629540685172,TRUE
"396","mob.app.com.outfit7.mytalkingtomfree",12178,100,0.00821152898669732,396,0.821152898669732,62645,34259102,0.001828565150365,TRUE
"397","premiumsite43.com",4326,36,0.00832177531206657,397,0.832177531206657,62681,34263428,0.00182938496404972,FALSE
"398","mob.app.570756103",2272,19,0.00836267605633803,398,0.836267605633803,62700,34265700,0.00182981815634877,TRUE
"399","mob.app.com.ebaby.engflash",3049,26,0.00852738602820597,399,0.852738602820597,62726,34268749,0.00183041406034402,TRUE
"400","buzzlie.com",11446,98,0.00856194303686877,400,0.856194303686877,62824,34280195,0.00183266168701782,FALSE
"401","mob.app.314439840",11878,102,0.00858730425997643,401,0.858730425997643,62926,34292073,0.00183500134273014,TRUE
"402","dailyviralstuff.com",18836,163,0.00865364196220004,402,0.865364196220004,63089,34310909,0.00183874463949644,FALSE
"403","m.goal.com",1614,14,0.00867410161090459,403,0.867410161090459,63103,34312523,0.00183906616252031,FALSE
"404","webmd.com",18503,162,0.00875533697238286,404,0.875533697238286,63265,34331026,0.00184279374580882,FALSE
"405","photos.essence.com",5912,52,0.0087956698240866,405,0.87956698240866,63317,34336938,0.00184399086488143,FALSE
"406","m.accuweather.com",2339,21,0.00897819581017529,406,0.897819581017529,63338,34339277,0.00184447680712672,FALSE
"407","mob.app.com.stu2pakovandr.impeiyakrasoty",1893,17,0.00898045430533545,407,0.898045430533545,63355,34341170,0.00184487016604268,TRUE
"408","mob.app.439873467",332743,3062,0.00920229726846245,408,0.920229726846245,66417,34673913,0.00191547461055232,TRUE
"409","m.fox23.com",8411,79,0.0093924622518131,409,0.93924622518131,66496,34682324,0.00191728789570157,FALSE
"410","workingmother.com",3130,30,0.00958466453674121,410,0.958466453674121,66526,34685454,0.00191797979637228,FALSE
"411","mob.app.397648381",1154266,11088,0.00960610465871818,411,0.960610465871818,77614,35839720,0.0021655861150701,TRUE
"412","todamujeresbella.com",144236,1389,0.00963005075015946,412,0.963005075015946,79003,35983956,0.00219550624172617,FALSE
"413","dailyherald.com",7702,75,0.00973773045962088,413,0.973773045962088,79078,35991658,0.00219712023269392,FALSE
"414","theverge.com",11356,111,0.00977456851003875,414,0.977456851003875,79189,36003014,0.00219951029655462,FALSE
"415","gamespot.com",2536,25,0.00985804416403785,415,0.985804416403785,79214,36005550,0.00220004971455789,FALSE
"416","mob.app.com.photobucket.android",16381,162,0.00988950613515658,416,0.988950613515658,79376,36021931,0.00220354650060265,TRUE
"417","urbanspoon.com",1302,13,0.00998463901689708,417,0.998463901689708,79389,36023233,0.00220382773528406,FALSE
"418","cafemom.com",11676,117,0.0100205549845838,418,1.00205549845838,79506,36034909,0.00220636050447637,FALSE
"419","mob.app.526641427",17590,180,0.0102330869812393,419,1.02330869812393,79686,36052499,0.00221027674114907,TRUE
"420","mob.app.645704840",34217,355,0.0103749598152965,420,1.03749598152965,80041,36086716,0.00221801839768407,TRUE
"421","mob.app.me.bosegoogle.app",4029,43,0.0106726234797717,421,1.06726234797717,80084,36090745,0.00221896222979049,TRUE
"422","m.statesman.com",8861,95,0.0107211375691231,422,1.07211375691231,80179,36099606,0.0022210491715616,FALSE
"423","myrecipes.com",9667,108,0.0111720285507396,423,1.11720285507396,80287,36109273,0.00222344548448815,FALSE
"424","universalfreepress.com",27324,314,0.0114917288830332,424,1.14917288830332,80601,36136597,0.00223045352056808,FALSE
"425","lovebscott.com",15050,173,0.0114950166112957,425,1.14950166112957,80774,36151647,0.00223431037595604,FALSE
"426","taylor-smith-inspire.diply.com",865,10,0.0115606936416185,426,1.15606936416185,80784,36152512,0.00223453352287111,FALSE
"427","m.stwnewspress.com",2398,28,0.0116763969974979,427,1.16763969974979,80812,36154910,0.00223515976115001,FALSE
"428","listindiario.com",1274,15,0.0117739403453689,428,1.17739403453689,80827,36156184,0.0022354958698075,FALSE
"429","biggbossseason11.com",2443,29,0.0118706508391322,429,1.18706508391322,80856,36158627,0.00223614685369552,FALSE
"430","mob.app.com.appraton.musictube",7465,91,0.0121902210314802,430,1.21902210314802,80947,36166092,0.00223820146229789,TRUE
"431","barbershopconnect.com",2453,30,0.0122299225438239,431,1.22299225438239,80977,36168545,0.00223887911443493,FALSE
"432","mob.app.com.osmino.wifil",10274,127,0.0123613003698657,432,1.23613003698657,81104,36178819,0.00224175366255046,TRUE
"433","mob.app.com.wannameet.android.app",33654,418,0.0124205146490759,433,1.24205146490759,81522,36212473,0.00225121327670717,TRUE
"434","m.dailyhoroscope.com",8759,109,0.0124443429615253,434,1.24443429615253,81631,36221232,0.00225367817417144,FALSE
"435","mob.app.com.bandagames.mpuzzle.gp",16636,210,0.0126232267371964,435,1.26232267371964,81841,36237868,0.00225843860350725,TRUE
"436","m.meridianstar.com",781,10,0.0128040973111396,436,1.28040973111396,81851,36238649,0.00225866587907292,FALSE
"437","rollingstone.com",5419,71,0.0131020483484038,437,1.31020483484038,81922,36244068,0.00226028711788092,FALSE
"438","m.nbcentertainment.com",8519,112,0.0131470829909614,438,1.31470829909614,82034,36252587,0.00226284540741879,FALSE
"439","shebudgets.com",33713,446,0.0132293180672144,439,1.32293180672144,82480,36286300,0.0022730341754326,FALSE
"440","comicbookmovie.com",37611,502,0.0133471590758023,440,1.33471590758023,82982,36323911,0.00228450069707527,FALSE
"441","mob.app.310947683",1097,15,0.0136736554238833,441,1.36736554238833,82997,36325008,0.00228484464476925,TRUE
"442","plainchicken.com",29516,409,0.0138568911776664,442,1.38568911776664,83406,36354524,0.00229423991357994,FALSE
"443","entertainmentsites.com",851,12,0.0141010575793184,443,1.41010575793185,83418,36355375,0.00229451628541859,FALSE
"444","mob.app.com.tic.tac.toe.be.boom",566,8,0.0141342756183746,444,1.41342756183746,83426,36355941,0.0022947006102799,TRUE
"445","m.albeu.com",778,11,0.0141388174807198,445,1.41388174807198,83437,36356719,0.00229495406337409,FALSE
"446","aerserv.com",1128,16,0.0141843971631206,446,1.41843971631206,83453,36357847,0.0022953229326258,FALSE
"447","mob.app.com.skout.android",24242,344,0.0141902483293458,447,1.41902483293458,83797,36382089,0.00230324872219404,TRUE
"448","mob.app.com.starcorcy.scyn.linescy",845,12,0.0142011834319527,448,1.42011834319527,83809,36382934,0.00230352505380682,TRUE
"449","ovaciondigital.com.uy",1827,26,0.0142309797482211,449,1.42309797482211,83835,36384761,0.00230412397102182,FALSE
"450","m.kusports.com",3089,44,0.0142440919391389,450,1.42440919391389,83879,36387850,0.00230513756652289,FALSE
"451","windowscentral.com",4261,61,0.014315888289134,451,1.4315888289134,83940,36392111,0.00230654385506793,FALSE
"452","centrobrandexchange.com",3486,50,0.0143430866322433,452,1.43430866322433,83990,36395597,0.00230769672496374,FALSE
"453","mob.app.com.mobgams.dressup.fairy.princess.makeover",148677,2137,0.0143734404110925,453,1.43734404110925,86127,36544274,0.00235678508758992,TRUE
"454","bostonherald.com",821,12,0.0146163215590743,454,1.46163215590743,86139,36545095,0.00235706050292112,FALSE
"455","elpais.com.uy",30348,446,0.0146961908527745,455,1.46961908527745,86585,36575443,0.00236729873647737,FALSE
"456","escapehere.com",4852,72,0.0148392415498763,456,1.48392415498763,86657,36580295,0.00236895301145056,FALSE
"457","news.detik.com",3271,49,0.0149801284011006,457,1.49801284011006,86706,36583566,0.00237008059848512,FALSE
"458","mob.app.mycloud.player",179188,2689,0.015006585262406,458,1.5006585262406,89395,36762754,0.00243167310044291,TRUE
"459","univision.com",13507,205,0.0151773154660546,459,1.51773154660546,89600,36776261,0.00243635425580648,FALSE
"460","m.motortrend.com",16480,252,0.0152912621359223,460,1.52912621359223,89852,36792741,0.00244211215467747,FALSE
"461","tv.com",6028,93,0.01542800265428,461,1.542800265428,89945,36798769,0.0024442393711594,FALSE
"462","m.ncnewsonline.com",582,9,0.0154639175257732,462,1.54639175257732,89954,36799351,0.00244444528383123,FALSE
"463","moneysavingmom.com",1339,21,0.0156833457804332,463,1.56833457804332,89975,36800690,0.00244492698370601,FALSE
"464","mob.app.com.tinypiece.android.fl",142848,2243,0.0157020049283154,464,1.57020049283154,92218,36943538,0.00249618756059585,TRUE
"465","rottentomatoes.com",6323,101,0.0159734303337024,465,1.59734303337024,92319,36949861,0.00249849383736518,FALSE
"466","horoscope.com",46837,749,0.015991630548498,466,1.5991630548498,93068,36996698,0.00251557584949879,FALSE
"467","louderwithcrowder.com",686,11,0.0160349854227405,467,1.60349854227405,93079,36997384,0.00251582652438345,FALSE
"468","collegebasketball.ap.org",672,11,0.0163690476190476,468,1.63690476190476,93090,36998056,0.00251607814205157,FALSE
"469","mob.app.380007120",47461,782,0.0164766861212364,469,1.64766861212364,93872,37045517,0.00253396382617632,TRUE
"470","m.nadaguides.com",6049,100,0.01653165812531,470,1.653165812531,93972,37051566,0.00253624907514031,FALSE
"471","kidspot.com.au",470,8,0.0170212765957447,471,1.70212765957447,93980,37052036,0.00253643281572975,FALSE
"472","omgfacts.com",9975,170,0.0170426065162907,472,1.70426065162907,94150,37062011,0.00254033705834257,FALSE
"473","mob.app.com.shopkeeper.strategy.free",524,9,0.017175572519084,473,1.7175572519084,94159,37062535,0.00254054397520299,TRUE
"474","howtogeek.com",1217,21,0.0172555464256368,474,1.72555464256368,94180,37063752,0.00254102714695479,FALSE
"475","joeforamerica.com",21317,368,0.017263217150631,475,1.7263217150631,94548,37085069,0.00254948966118952,FALSE
"476","m.register-herald.com",810,14,0.0172839506172839,476,1.72839506172839,94562,37085879,0.00254981147945826,FALSE
"477","m.thedailystar.com",2657,46,0.0173127587504705,477,1.73127587504705,94608,37088536,0.00255086908795753,FALSE
"478","sportsillustrated.com",4436,77,0.0173579801623084,478,1.73579801623084,94685,37092972,0.00255263989092058,FALSE
"479","bingwap.com",24424,424,0.017359973796266,479,1.7359973796266,95109,37117396,0.00256238341719877,FALSE
"480","m.windowscentral.com",7412,129,0.0174042093901781,480,1.74042093901781,95238,37124808,0.0025653466005804,FALSE
"481","tvbythenumbers.zap2it.com",1367,24,0.0175566934893928,481,1.75566934893928,95262,37126175,0.00256589858772147,FALSE
"482","m.edmondsun.com",623,11,0.0176565008025682,482,1.76565008025682,95273,37126798,0.00256615181303812,FALSE
"483","brooklynlimestone.com",724,13,0.0179558011049724,483,1.79558011049724,95286,37127522,0.00256645191672097,FALSE
"484","m.vita.mn",11036,199,0.018031895614353,484,1.8031895614353,95485,37138558,0.00257104758886977,FALSE
"485","wnewsj.com",607,11,0.0181219110378913,485,1.81219110378913,95496,37139165,0.00257130175112984,FALSE
"486","m.sharonherald.com",440,8,0.0181818181818182,486,1.81818181818182,95504,37139605,0.00257148669190208,FALSE
"487","m.bdtonline.com",4835,89,0.0184074457083764,487,1.84074457083764,95593,37144440,0.00257354801956901,FALSE
"488","m.tahlequahdailypress.com",1553,29,0.0186735350933677,488,1.86735350933677,95622,37145993,0.00257422112796931,FALSE
"489","viralnova.com",3535924,66420,0.0187843403874065,489,1.87843403874065,162042,40681917,0.00398314563200156,FALSE
"490","mob.app.com.stuckpixelinc.funnypics",2332,44,0.0188679245283019,490,1.88679245283019,162086,40684249,0.00398399881978896,TRUE
"491","ew.com",6292,121,0.0192307692307692,491,1.92307692307692,162207,40690541,0.00398635643600806,FALSE
"492","m.tribstar.com",518,10,0.0193050193050193,492,1.93050193050193,162217,40691059,0.00398655144364761,FALSE
"493","m.muskogeephoenix.com",3100,60,0.0193548387096774,493,1.93548387096774,162277,40694159,0.00398772216916929,FALSE
"494","mentalfloss.com",4184,81,0.0193594646271511,494,1.93594646271511,162358,40698343,0.00398930246373913,FALSE
"495","m.wftv.com",3656,72,0.0196936542669584,495,1.96936542669584,162430,40701999,0.0039907130851239,FALSE
"496","pottsmerc.com",1925,38,0.0197402597402597,496,1.97402597402597,162468,40703924,0.00399145792430233,FALSE
"497","foodnetworkgossip.com",4077,81,0.0198675496688742,497,1.98675496688742,162549,40708001,0.00399304795143343,FALSE
"498","somoaudience.com",5067,101,0.0199328991513716,498,1.99328991513716,162650,40713068,0.00399503176719573,FALSE
"499","m.franklinnow.com",549,11,0.0200364298724954,499,2.00364298724954,162661,40713617,0.0039952480763377,FALSE
"500","infoplease.com",3682,74,0.020097772949484,500,2.0097772949484,162735,40717299,0.0039967042018185,FALSE
"501","m.themoreheadnews.com",592,12,0.0202702702702703,501,2.02702702702703,162747,40717891,0.0039969408042278,FALSE
"502","morningjournal.com",4556,93,0.0204126426690079,502,2.04126426690079,162840,40722447,0.00399877738191912,FALSE
"503","sgvtribune.com",8382,172,0.0205201622524457,503,2.05201622524457,163012,40730829,0.00400217731880684,FALSE
"504","mob.app.com.outfit7.talkingpierrefree",1362,28,0.0205580029368576,504,2.05580029368576,163040,40732191,0.00400273091128341,TRUE
"505","parenting-1.com",1799,37,0.0205669816564758,505,2.05669816564758,163077,40733990,0.00400346246463948,FALSE
"506","lapatilla.com",5427,112,0.0206375529758614,506,2.06375529758614,163189,40739417,0.00400567833359029,FALSE
"507","photobucket.com",2023,42,0.0207612456747405,507,2.07612456747405,163231,40741440,0.00400651032462279,FALSE
"508","adaptivem.com",1830,38,0.0207650273224044,508,2.07650273224044,163269,40743270,0.00400726304000636,FALSE
"509","m.entertainmentrundown.com",7319,152,0.0207678644623582,509,2.07678644623582,163421,40750589,0.00401027332390214,FALSE
"510","kusports.com",15307,318,0.0207748089109558,510,2.07748089109558,163739,40765896,0.00401656816276036,FALSE
"511","whittierdailynews.com",5464,114,0.0208638360175695,511,2.08638360175695,163853,40771360,0.00401882596018382,FALSE
"512","m.ljworld.com",3010,63,0.0209302325581395,512,2.09302325581395,163916,40774370,0.00402007437515282,FALSE
"513","m.lenconnect.com",7415,156,0.0210384356035064,513,2.10384356035064,164072,40781785,0.00402316867689828,FALSE
"514","shopzilla.com",475,10,0.0210526315789474,514,2.10526315789474,164082,40782260,0.00402336702281826,FALSE
"515","mob.app.500028364",5119,108,0.0210978706778668,515,2.10978706778668,164190,40787379,0.00402550995002645,TRUE
"516","m.crossville-chronicle.com",518,11,0.0212355212355212,516,2.12355212355212,164201,40787897,0.00402572851451498,FALSE
"517","ljworld.com",14393,306,0.0212603348850135,517,2.12603348850135,164507,40802290,0.00403180801861856,FALSE
"518","nationalreview.com",3898,83,0.0212929707542329,518,2.12929707542329,164590,40806188,0.00403345688648986,FALSE
"519","brisbanetimes.com.au",10527,226,0.0214686045407049,519,2.14686045407049,164816,40816715,0.00403795356877691,FALSE
"520","recipes.sparkpeople.com",3303,71,0.0214956100514684,520,2.14956100514684,164887,40820018,0.00403936617568371,FALSE
"521","m.timesenterprise.com",1811,39,0.0215350635008283,521,2.15350635008283,164926,40821829,0.00404014234639021,FALSE
"522","mob.app.804379658",1192,26,0.0218120805369128,522,2.18120805369128,164952,40823021,0.00404066127296165,TRUE
"523","mob.app.com.game.bubbleshooter",910,20,0.021978021978022,523,2.1978021978022,164972,40823931,0.00404106111192477,TRUE
"524","nerfplz.com",2179,48,0.0220284534189995,524,2.20284534189995,165020,40826110,0.00404202114774099,FALSE
"525","teaser-trailer.com",10395,229,0.022029822029822,525,2.2029822029822,165249,40836505,0.00404659997225522,FALSE
"526","recordherald.com",680,15,0.0220588235294118,526,2.20588235294118,165264,40837185,0.00404689990262551,FALSE
"527","m.record-eagle.com",2026,45,0.0222112537018756,527,2.22112537018756,165309,40839211,0.00404780102142522,FALSE
"528","m.normantranscript.com",358,8,0.0223463687150838,528,2.23463687150838,165317,40839569,0.00404796142682113,FALSE
"529","wnyt.com",10068,226,0.0224473579658323,529,2.24473579658323,165543,40849637,0.00405249623148426,FALSE
"530","dailydemocrat.com",8800,200,0.0227272727272727,530,2.27272727272727,165743,40858437,0.00405651836363687,FALSE
"531","m.washingtonexaminer.com",7068,161,0.0227787209960385,531,2.27787209960385,165904,40865505,0.00405975651102317,FALSE
"532","m.skateboardermag.com",4170,95,0.0227817745803357,532,2.27817745803357,165999,40869675,0.00406166674924623,FALSE
"533","mob.app.453561850",5526,126,0.0228013029315961,533,2.28013029315961,166125,40875201,0.00406420019806141,TRUE
"534","laughingsquid.com",6613,151,0.0228338121881143,534,2.28338121881143,166276,40881814,0.00406723635110712,FALSE
"535","mob.app.id=com.audiomack",1226,28,0.0228384991843393,535,2.28384991843393,166304,40883040,0.00406779926345986,TRUE
"536","thisoldhouse.com",5470,125,0.0228519195612431,536,2.28519195612431,166429,40888510,0.00407031217327313,FALSE
"537","mob.app.537112539",23058,527,0.0228554081013097,537,2.28554081013097,166956,40911568,0.00408089956366375,TRUE
"538","budget101.com",5549,127,0.0228870066678681,538,2.28870066678681,167083,40917117,0.00408344996545089,FALSE
"539","livingrichwithcoupons.com",1002,23,0.0229540918163673,539,2.29540918163673,167106,40918119,0.004083912068392,FALSE
"540","mobile.cafemom.com",15301,352,0.0230050323508267,540,2.30050323508267,167458,40933420,0.00409098482364777,FALSE
"541","articlesbase.com",1083,25,0.023084025854109,541,2.3084025854109,167483,40934503,0.00409148732061068,FALSE
"542","mob.app.com.tfsapps.playtube2",690,16,0.0231884057971014,542,2.31884057971015,167499,40935193,0.0040918092165829,TRUE
"543","wowkeren.com",18751,435,0.0231987627326543,543,2.31987627326543,167934,40953944,0.00410055744570047,FALSE
"544","sbsun.com",6886,160,0.0232355503920999,544,2.32355503920999,168094,40960830,0.00410377426433986,FALSE
"545","lyricscrawler.com",24885,579,0.0232670283303195,545,2.32670283303195,168673,40985715,0.00411540947864396,FALSE
"546","m.starbeacon.com",725,17,0.023448275862069,546,2.3448275862069,168690,40986440,0.00411575145340752,FALSE
"547","forums.androidcentral.com",2163,51,0.0235783633841886,547,2.35783633841886,168741,40988603,0.00411677851035811,FALSE
"548","techreport.com",551,13,0.0235934664246824,548,2.35934664246824,168754,40989154,0.00411704032730219,FALSE
"549","middletownpress.com",9654,228,0.0236171535114978,549,2.36171535114978,168982,40998808,0.00412163202403348,FALSE
"550","mostlyhomemademom.com",2324,55,0.0236660929432014,550,2.36660929432014,169037,41001132,0.00412273983069541,FALSE
"551","filmibeat.com",421,10,0.0237529691211401,551,2.37529691211401,169047,41001553,0.00412294139200044,FALSE
"552","kstp.com",17534,417,0.0237823656895175,552,2.37823656895175,169464,41019087,0.00413134500043845,FALSE
"553","m.pressrepublican.com",967,23,0.0237849017580145,553,2.37849017580145,169487,41020054,0.00413180831014996,FALSE
"554","santacruzsentinel.com",5671,135,0.0238053253394463,554,2.38053253394463,169622,41025725,0.00413452778713844,FALSE
"555","eveningsun.com",4199,100,0.0238151940938319,555,2.38151940938319,169722,41029924,0.00413654190536643,FALSE
"556","finance.detik.com",1334,32,0.0239880059970015,556,2.39880059970015,169754,41031258,0.00413718731217064,FALSE
"557","au.ibtimes.com",456,11,0.0241228070175439,557,2.41228070175439,169765,41031714,0.0041374094194554,FALSE
"558","indiedb.com",7458,180,0.0241351568785197,558,2.41351568785197,169945,41039172,0.00414104358635696,FALSE
"559","mob.app.com.ismaker.android.simsimi",2816,68,0.0241477272727273,559,2.41477272727273,170013,41041988,0.00414241629815788,TRUE
"560","saratogian.com",7759,188,0.0242299265369249,560,2.42299265369249,170201,41049747,0.00414621313013208,FALSE
"561","worldnow.com",2390,58,0.0242677824267782,561,2.42677824267782,170259,41052137,0.00414738458073449,FALSE
"562","mobile.equibase.com",2810,69,0.0245551601423488,562,2.45551601423488,170328,41054947,0.00414878138802615,FALSE
"563","dailytribune.com",3314,82,0.0247435123717562,563,2.47435123717562,170410,41058261,0.00415044368294118,FALSE
"564","theoaklandpress.com",5129,127,0.0247611620198869,564,2.47611620198869,170537,41063390,0.00415301805330734,FALSE
"565","craftberrybush.com",6723,167,0.024840101145322,565,2.4840101145322,170704,41070113,0.00415640443940342,FALSE
"566","elcomercio.pe",1325,33,0.0249056603773585,566,2.49056603773585,170737,41071438,0.00415707382828914,FALSE
"567","m.voiceplaces.com",2632,66,0.0250759878419453,567,2.50759878419453,170803,41074070,0.00415841429885083,FALSE
"568","m.glasgowdailytimes.com",516,13,0.0251937984496124,568,2.51937984496124,170816,41074586,0.00415867855612714,FALSE
"569","farminglife.com",7137,181,0.0253607958525991,569,2.53607958525991,170997,41081723,0.00416236193404059,FALSE
"570","m.nbcwomen.com",1293,33,0.0255220417633411,570,2.55220417633411,171030,41083016,0.00416303418424782,FALSE
"571","edinburghnews.scotsman.com",586,15,0.0255972696245734,571,2.55972696245734,171045,41083602,0.00416333991357428,FALSE
"572","m.timeswv.com",507,13,0.0256410256410256,572,2.56410256410256,171058,41084109,0.0041636049597668,FALSE
"573","yorkshirepost.co.uk",6860,176,0.0256559766763848,573,2.56559766763848,171234,41090969,0.00416719303942431,FALSE
"574","creators.com",310,8,0.0258064516129032,574,2.58064516129032,171242,41091279,0.00416735628988331,FALSE
"575","elpasotimes.com",6066,157,0.0258819650511045,575,2.58819650511045,171399,41097345,0.00417056138297985,FALSE
"576","dailynews.com",11442,298,0.0260443978325468,576,2.60443978325468,171697,41108787,0.0041766496296765,FALSE
"577","m.mcalesternews.com",537,14,0.0260707635009311,577,2.60707635009311,171711,41109324,0.00417693562657464,FALSE
"578","thegrocerygame.com",6413,168,0.0261967877748324,578,2.61967877748324,171879,41115737,0.00418037015851133,FALSE
"579","food.detik.com",495,13,0.0262626262626263,579,2.62626262626263,171892,41116232,0.00418063600769642,FALSE
"580","m.derryjournal.com",6322,167,0.0264156912369503,580,2.64156912369503,172059,41122554,0.0041840543269759,FALSE
"581","nadaguides.com",18207,481,0.0264184105014555,581,2.64184105014555,172540,41140761,0.00419389422572908,FALSE
"582","ldnews.com",1725,46,0.0266666666666667,582,2.66666666666667,172586,41142486,0.00419483645203161,FALSE
"583","m.nbcsports.com",1380,37,0.0268115942028985,583,2.68115942028985,172623,41143866,0.00419559503718003,FALSE
"584","gamesradar.com",6377,171,0.0268151168260938,584,2.68151168260938,172794,41150243,0.00419910035525185,FALSE
"585","dailysavings.allyou.com",1600,43,0.026875,585,2.6875,172837,41151843,0.00419998200323616,FALSE
"586","pinksith.com",2365,64,0.027061310782241,586,2.7061310782241,172901,41154208,0.00420129577028915,FALSE
"587","presstelegram.com",3467,94,0.0271127776175368,587,2.71127776175368,172995,41157675,0.0042032257653038,FALSE
"588","legalinsurrection.com",9290,252,0.0271259418729817,588,2.71259418729817,173247,41166965,0.00420839865168588,FALSE
"589","goodfilipino.com",6510,177,0.0271889400921659,589,2.71889400921659,173424,41173475,0.00421203213962387,FALSE
"590","trentonian.com",6929,189,0.0272766632991774,590,2.72766632991774,173613,41180404,0.00421591298618634,FALSE
"591","guideandgazette.co.uk",4436,121,0.0272768259693418,591,2.72768259693418,173734,41184840,0.00421839686641978,FALSE
"592","gazetaexpress.com",6487,177,0.0272853399105904,592,2.72853399105904,173911,41191327,0.00422202955491092,FALSE
"593","thereporteronline.com",4237,116,0.0273778616945952,593,2.73778616945952,174027,41195564,0.00422441115261828,FALSE
"594","m.register-news.com",327,9,0.0275229357798165,594,2.75229357798165,174036,41195891,0.00422459608896431,FALSE
"595","ktvh.com",2755,76,0.0275862068965517,595,2.75862068965517,174112,41198646,0.00422615830627055,FALSE
"596","oneidadispatch.com",5263,146,0.0277408322249668,596,2.77408322249667,174258,41203909,0.0042291618496682,FALSE
"597","m.richmondregister.com",1152,32,0.0277777777777778,597,2.77777777777778,174290,41205061,0.00422982021553129,FALSE
"598","m.miami.com",4849,137,0.0282532480923902,598,2.82532480923902,174427,41209910,0.00423264695312365,FALSE
"599","m.austin360.com",318,9,0.0283018867924528,599,2.83018867924528,174436,41210228,0.00423283268415792,FALSE
"600","demingheadlight.com",7731,219,0.0283275126115638,600,2.83275126115638,174655,41217959,0.00423735197562791,FALSE
"601","stltoday.com",317,9,0.028391167192429,601,2.8391167192429,174664,41218276,0.00423753773690098,FALSE
"602","themorningsun.com",5695,162,0.0284460052677788,602,2.84460052677788,174826,41223971,0.00424088208290269,FALSE
"603","thechobble.com",7728,220,0.0284679089026915,603,2.84679089026915,175046,41231699,0.00424542292084544,FALSE
"604","twincities.com",12620,360,0.0285261489698891,604,2.85261489698891,175406,41244319,0.00425285237465068,FALSE
"605","eleconomista.com.mx",2549,73,0.0286386818360141,605,2.86386818360141,175479,41246868,0.00425435938554171,FALSE
"606","hot.detik.com",416,12,0.0288461538461538,606,2.88461538461538,175491,41247284,0.00425460740639311,FALSE
"607","m.tiftongazette.com",1109,32,0.0288548241659152,607,2.88548241659152,175523,41248393,0.00425526880525988,FALSE
"608","drivespark.com",450,13,0.0288888888888889,608,2.88888888888889,175536,41248843,0.00425553754319848,FALSE
"609","dailybulletin.com",3353,97,0.0289293170295258,609,2.89293170295258,175633,41252196,0.00425754304086018,FALSE
"610","albumoftheyear.org",6666,193,0.028952895289529,610,2.8952895289529,175826,41258862,0.00426153295260543,FALSE
"611","mob.app.421997825",1310,38,0.0290076335877863,611,2.90076335877863,175864,41260172,0.00426231863502653,TRUE
"612","oto.detik.com",309,9,0.029126213592233,612,2.9126213592233,175873,41260481,0.00426250484089121,FALSE
"613","impactousa.com",343,10,0.0291545189504373,613,2.91545189504373,175883,41260824,0.00426271176746252,FALSE
"614","advocate-news.com",8448,247,0.0292376893939394,614,2.92376893939394,176130,41269272,0.00426782425432656,FALSE
"615","kshb.com",4272,125,0.0292602996254682,615,2.92602996254682,176255,41273544,0.00427041108948628,FALSE
"616","m.en.softonic.com",13581,403,0.0296738089978647,616,2.96738089978647,176658,41287125,0.00427876729125605,FALSE
"617","detik.com",269,8,0.0297397769516729,617,2.97397769516729,176666,41287394,0.00427893317752145,FALSE
"618","timesherald.com",3316,99,0.0298552472858866,618,2.98552472858866,176765,41290710,0.00428098717605001,FALSE
"619","dailyfreeman.com",4619,138,0.029876596665945,619,2.9876596665945,176903,41295329,0.00428385011776998,FALSE
"620","premium-site-7.com",334,10,0.029940119760479,620,2.9940119760479,176913,41295663,0.00428405762609986,FALSE
"621","kake.com",4166,125,0.0300048007681229,621,3.00048007681229,177038,41299829,0.00428665213117468,FALSE
"622","local8now.com",3210,97,0.0302180685358255,622,3.02180685358255,177135,41303039,0.0042886674755337,FALSE
"623","m.hutchnews.com",991,30,0.0302724520686176,623,3.02724520686176,177165,41304030,0.00428929089970155,FALSE
"624","automobilemag.com",6100,185,0.030327868852459,624,3.0327868852459,177350,41310130,0.00429313584827741,FALSE
"625","kolotv.com",5426,165,0.0304091411721342,625,3.04091411721342,177515,41315556,0.00429656568097498,FALSE
"626","registercitizen.com",4629,141,0.0304601425793908,626,3.04601425793908,177656,41320185,0.00429949672296966,FALSE
"627","whec.com",2295,70,0.0305010893246187,627,3.05010893246187,177726,41322480,0.00430095192737706,FALSE
"628","m.soulfulbeauty.com",2556,78,0.0305164319248826,628,3.05164319248826,177804,41325036,0.00430257338432809,FALSE
"629","benningtonbanner.com",1540,47,0.0305194805194805,629,3.05194805194805,177851,41326576,0.00430355033526126,FALSE
"630","mtf.news.asq.fr",847,26,0.0306965761511216,630,3.06965761511216,177877,41327423,0.00430409125679092,FALSE
"631","wtok.com",5141,158,0.0307333203656876,631,3.07333203656876,178035,41332564,0.00430737855991707,FALSE
"632","derryjournal.com",9064,281,0.0310017652250662,632,3.10017652250662,178316,41341628,0.00431323120608603,FALSE
"633","m.farminglife.com",5354,166,0.0310048561822936,633,3.10048561822936,178482,41346982,0.0043166874912418,FALSE
"634","m.yorkshirepost.co.uk",4577,142,0.0310246886606948,634,3.10246886606948,178624,41351559,0.00431964366809,FALSE
"635","lcsun-news.com",4043,126,0.0311649765025971,635,3.11649765025971,178750,41355602,0.0043222681173883,FALSE
"636","daily-times.com",5456,171,0.031341642228739,636,3.1341642228739,178921,41361058,0.00432583228407745,FALSE
"637","eldiariony.com",380,12,0.0315789473684211,637,3.15789473684211,178933,41361438,0.00432608266666164,FALSE
"638","m.cnsnews.com",1076,34,0.0315985130111524,638,3.15985130111524,178967,41362514,0.00432679212873763,FALSE
"639","ahancemedia.com",568,18,0.0316901408450704,639,3.16901408450704,178985,41363082,0.00432716788366979,FALSE
"640","montereyherald.com",1851,59,0.0318746623446786,640,3.18746623446786,179044,41364933,0.00432840058026928,FALSE
"641","ibtimes.com",14200,453,0.0319014084507042,641,3.19014084507042,179497,41379133,0.00433786275802347,FALSE
"642","5n1khaber.com",250,8,0.032,642,3.2,179505,41379383,0.00433802988314253,FALSE
"643","m.mentalfloss.com",2811,90,0.032017075773746,643,3.2017075773746,179595,41382194,0.00433991005890118,FALSE
"644","xcdn.darchermedia.com",937,30,0.032017075773746,644,3.2017075773746,179625,41383131,0.00434053672739262,FALSE
"645","currentargus.com",6590,211,0.0320182094081942,645,3.20182094081942,179836,41389721,0.00434494351870601,FALSE
"646","parabuenosaires.com",3557,114,0.0320494798987911,646,3.20494798987911,179950,41393278,0.00434732422013062,FALSE
"647","hungryhappenings.com",1370,44,0.0321167883211679,647,3.21167883211679,179994,41394648,0.00434824328014578,FALSE
"648","inet.detik.com",559,18,0.0322003577817531,648,3.22003577817531,180012,41395207,0.00434861939451106,FALSE
"649","wowt.com",4645,150,0.0322927879440258,649,3.22927879440258,180162,41399852,0.00435175468743222,FALSE
"650","lowellsun.com",5378,174,0.0323540349572332,650,3.23540349572332,180336,41405230,0.0043553918188596,FALSE
"651","m.pennysaverusa.com",1481,48,0.0324105334233626,651,3.24105334233626,180384,41406711,0.00435639527128827,FALSE
"652","zuneboards.com",2434,79,0.0324568611339359,652,3.24568611339359,180463,41409145,0.00435804699662357,FALSE
"653","abc22now.com",277,9,0.0324909747292419,653,3.24909747292419,180472,41409422,0.00435823518618541,FALSE
"654","m.dailyindependent.com",277,9,0.0324909747292419,654,3.24909747292419,180481,41409699,0.00435842337322954,FALSE
"655","fortmorgantimes.com",6904,225,0.0325898030127462,655,3.25898030127462,180706,41416603,0.00436312944352293,FALSE
"656","wjhg.com",5823,190,0.0326292289198008,656,3.26292289198008,180896,41422426,0.00436710297943438,FALSE
"657","m.palestineherald.com",427,14,0.0327868852459016,657,3.27868852459016,180910,41422853,0.00436739593962782,FALSE
"658","sitepoint.com",1035,34,0.0328502415458937,658,3.28502415458937,180944,41423888,0.00436810760013642,FALSE
"659","mob.app.com.slabs.worldcraft2",1030,34,0.0330097087378641,659,3.30097087378641,180978,41424918,0.0043688197524012,TRUE
"660","mob.app.com.sabzira.pianotiles",49548,1641,0.0331193993703076,660,3.31193993703076,182619,41474466,0.00440316699918451,TRUE
"661","bikerumor.com",2506,83,0.0331205107741421,661,3.31205107741421,182702,41476972,0.00440490207433657,FALSE
"662","pieceandquilt.com",2560,85,0.033203125,662,3.3203125,182787,41479532,0.00440667941962315,FALSE
"663","utahdealdiva.com",390,13,0.0333333333333333,663,3.33333333333333,182800,41479922,0.00440695139204939,FALSE
"664","imore.com",539,18,0.0333951762523191,664,3.33951762523191,182818,41480461,0.00440732806706271,FALSE
"665","mtf.high-tech.asq.fr",1435,48,0.0334494773519164,665,3.34494773519164,182866,41481896,0.00440833273387504,FALSE
"666","wbko.com",7795,264,0.0338678640153945,666,3.38678640153945,183130,41489691,0.00441386753157549,FALSE
"667","eagletribune.com",205982,7024,0.0341000669961453,667,3.41000669961453,190154,41695673,0.00456052118405668,FALSE
"668","la.com",2169,74,0.0341171046565237,668,3.41171046565237,190228,41697842,0.00456205863123564,FALSE
"669","wrdw.com",4400,151,0.0343181818181818,669,3.43181818181818,190379,41702242,0.0045651981972576,FALSE
"670","lawyerherald.com",436,15,0.0344036697247706,670,3.44036697247706,190394,41702678,0.00456551015740524,FALSE
"671","sport.detik.com",2493,86,0.0344965904532692,671,3.44965904532692,190480,41705171,0.00456729934041033,FALSE
"672","m.dummies.com",7064,245,0.034682899207248,672,3.4682899207248,190725,41712235,0.00457239944107526,FALSE
"673","m.southmilwaukeenow.com",720,25,0.0347222222222222,673,3.47222222222222,190750,41712955,0.00457291985187815,FALSE
"674","it.ibtimes.com",258,9,0.0348837209302326,674,3.48837209302326,190759,41713213,0.0045731073269278,FALSE
"675","whsv.com",2235,78,0.0348993288590604,675,3.48993288590604,190837,41715448,0.00457473212321728,FALSE
"676","techbrowsing.com",1535,54,0.0351791530944625,676,3.51791530944625,190891,41716983,0.00457585823020807,FALSE
"677","mailtribune.com",767,27,0.0352020860495437,677,3.52020860495437,190918,41717750,0.00457642130747703,FALSE
"678","dailybreeze.com",12158,428,0.0352031584142129,678,3.52031584142129,191346,41729908,0.00458534440095099,FALSE
"679","news-herald.com",710,25,0.0352112676056338,679,3.52112676056338,191371,41730618,0.00458586546693366,FALSE
"680","carguide.ph",3683,131,0.0355688297583492,680,3.55688297583492,191502,41734301,0.00458859967488134,FALSE
"681","technorati.com",2321,83,0.035760448082723,681,3.5760448082723,191585,41736622,0.00459033316112646,FALSE
"682","buffzone.com",7234,259,0.0358031517832458,682,3.58031517832458,191844,41743856,0.00459574218538891,FALSE
"683","redlandsdailyfacts.com",1376,50,0.0363372093023256,683,3.63372093023256,191894,41745232,0.00459678844280947,FALSE
"684","thestayathomechef.com",275,10,0.0363636363636364,684,3.63636363636364,191904,41745507,0.00459699770804077,FALSE
"685","alamogordonews.com",3871,141,0.0364246964608628,685,3.64246964608628,192045,41749378,0.00459994877049426,FALSE
"686","wifr.com",4819,176,0.0365221000207512,686,3.65221000207512,192221,41754197,0.00460363301921481,FALSE
"687","m.germantownnow.com",1067,39,0.0365510777881912,687,3.65510777881912,192260,41755264,0.00460444939349443,FALSE
"688","btf.commentcamarche.net.asq.fr",1558,57,0.0365853658536585,688,3.65853658536585,192317,41756822,0.00460564264205739,FALSE
"689","mob.app.com.spaceinch.loveofmoney",22229,818,0.0367987763732062,689,3.67987763732062,193135,41779051,0.00462277135016782,TRUE
"690","wsaz.com",9427,350,0.0371274000212157,690,3.71274000212157,193485,41788478,0.00463010402053887,FALSE
"691","studymode.com",1475,55,0.0372881355932203,691,3.72881355932203,193540,41789953,0.00463125670421309,FALSE
"692","m.goshennews.com",268,10,0.0373134328358209,692,3.73134328358209,193550,41790221,0.00463146629447114,FALSE
"693","vvdailypress.com",373,14,0.0375335120643432,693,3.75335120643432,193564,41790594,0.00463175996014797,FALSE
"694","journalstar.com",1677,63,0.037567084078712,694,3.7567084078712,193627,41792271,0.00463308155711375,FALSE
"695","mob.app.416345319",902,34,0.0376940133037694,695,3.76940133037694,193661,41793173,0.0046337950937585,TRUE
"696","dodge-dart.org",265,10,0.0377358490566038,696,3.77358490566038,193671,41793438,0.00463400498422743,FALSE
"697","dailylocal.com",2301,87,0.0378096479791395,697,3.78096479791395,193758,41795739,0.00463583141812614,FALSE
"698","washingtontimes.com",4573,173,0.0378307456811721,698,3.78307456811721,193931,41800312,0.00463946297817107,FALSE
"699","macombdaily.com",1314,50,0.0380517503805175,699,3.80517503805175,193981,41801626,0.00464051326615859,FALSE
"700","idahostatesman.com",3390,129,0.0380530973451327,700,3.80530973451327,194110,41805016,0.00464322271758011,FALSE
"701","m.hollandsentinel.com",1992,76,0.0381526104417671,701,3.81526104417671,194186,41807008,0.00464481935660165,FALSE
"702","nbc11news.com",4453,170,0.0381765102178307,702,3.81765102178307,194356,41811461,0.00464839054535789,FALSE
"703","dclk-default-ref.com",261,10,0.0383141762452107,703,3.83141762452107,194366,41811722,0.00464860069623538,FALSE
"704","mob.app.430152138",2284,88,0.0385288966725044,704,3.85288966725044,194454,41814006,0.00465045133441651,TRUE
"705","nbc15.com",207,8,0.0386473429951691,705,3.86473429951691,194462,41814213,0.00465061963500306,FALSE
"706","m.lawrence.com",3026,117,0.0386649041639128,706,3.86649041639128,194579,41817239,0.00465308099370214,FALSE
"707","entertainment.kompas.com",281,11,0.0391459074733096,707,3.91459074733096,194590,41817520,0.00465331277416738,FALSE
"708","mob.app.com.luckystargame.texaspoker",19956,786,0.0393866506313891,708,3.93866506313891,195376,41837476,0.00466988018110844,TRUE
"709","scienceofrunning.com",430,17,0.0395348837209302,709,3.95348837209302,195393,41837906,0.00467023851528325,FALSE
"710","chicoer.com",907,36,0.0396912899669239,710,3.96912899669239,195429,41838813,0.00467099771688073,FALSE
"711","nhregister.com",3425,137,0.04,711,4,195566,41842238,0.00467388957540942,FALSE
"712","streetinsider.com",824,33,0.0400485436893204,712,4.00485436893204,195599,41843062,0.00467458619543665,FALSE
"713","m.moultrieobserver.com",398,16,0.0402010050251256,713,4.02010050251256,195615,41843460,0.00467492411000429,FALSE
"714","m.weatherforddemocrat.com",322,13,0.0403726708074534,714,4.03726708074534,195628,41843782,0.00467519881448575,FALSE
"715","m.lowridermagazine.com",742,30,0.0404312668463612,715,4.04312668463612,195658,41844524,0.00467583285210748,FALSE
"716","technology-portfolio.net",3510,142,0.0404558404558405,716,4.04558404558405,195800,41848034,0.00467883389695201,FALSE
"717","mob.app.com.luckystargame.funbigtwo",1271,52,0.040912667191188,717,4.0912667191188,195852,41849305,0.00467993435016424,TRUE
"718","gizbot.com",1118,46,0.0411449016100179,718,4.11449016100179,195898,41850423,0.00468090848209587,FALSE
"719","equine.com",506,21,0.041501976284585,719,4.1501976284585,195919,41850929,0.00468135366839766,FALSE
"720","wndu.com",4242,177,0.0417256011315417,720,4.17256011315417,196096,41855171,0.00468510808377775,FALSE
"721","vintagevinylnews.com",309,13,0.0420711974110032,721,4.20711974110032,196109,41855480,0.0046853840882962,FALSE
"722","tego.com",22416,949,0.0423358315488937,722,4.23358315488936,197058,41877896,0.00470553726003809,FALSE
"723","kob.com",5236,222,0.0423987776928953,723,4.23987776928953,197280,41883132,0.00471024946271926,FALSE
"724","search.myrecipes.com",258,11,0.0426356589147287,724,4.26356589147287,197291,41883390,0.00471048308171807,FALSE
"725","m.christianpost.com",6572,282,0.0429093122337188,725,4.29093122337188,197573,41889962,0.00471647599011907,FALSE
"726","wkyt.com",1046,46,0.0439770554493308,726,4.39770554493308,197619,41891008,0.00471745630947816,FALSE
"727","newsok.com",1000,44,0.044,727,4.4,197663,41892008,0.00471839401921245,FALSE
"728","m.guideandgazette.co.uk",3054,136,0.0445317616240995,728,4.45317616240995,197799,41895062,0.00472129627114527,FALSE
"729","kwtx.com",201,9,0.0447761194029851,729,4.47761194029851,197808,41895263,0.0047214884413066,FALSE
"730","neatorama.com",245,11,0.0448979591836735,730,4.48979591836735,197819,41895508,0.00472172338857903,FALSE
"731","uk.mobile.reuters.com",264,12,0.0454545454545455,731,4.54545454545455,197831,41895772,0.00472198006042233,FALSE
"732","prettyandfun.com",2127,97,0.0456041372825576,732,4.56041372825576,197928,41897899,0.00472405549500227,FALSE
"733","wgnt.com",241,11,0.045643153526971,733,4.5643153526971,197939,41898140,0.0047242908635085,FALSE
"734","obits.masslive.com",1138,52,0.0456942003514939,734,4.56942003514938,197991,41899278,0.00472540362151348,FALSE
"735","harlandaily.com",1173,54,0.0460358056265985,735,4.60358056265985,198045,41900451,0.00472656010313588,FALSE
"736","mob.app.com.luckystargame.texaspokerbeta",18935,882,0.0465804066543438,736,4.65804066543438,198927,41919386,0.004745465498946,TRUE
"737","m.mixedmartialarts.com",964,45,0.0466804979253112,737,4.66804979253112,198972,41920350,0.00474642983658295,FALSE
"738","m.depor.pe",2077,97,0.0467019740009629,738,4.67019740009629,199069,41922427,0.00474850847733601,FALSE
"739","m.mamaslatinas.com",803,38,0.0473225404732254,739,4.73225404732254,199107,41923230,0.00474932394283551,FALSE
"740","whilehewasnapping.com",946,45,0.047568710359408,740,4.7568710359408,199152,41924176,0.00475029014285218,FALSE
"741","fashiontruffles.com",252,12,0.0476190476190476,741,4.76190476190476,199164,41924428,0.0047505478190424,FALSE
"742","m.kokomotribune.com",229,11,0.0480349344978166,742,4.80349344978166,199175,41924657,0.00475078424612991,FALSE
"743","moneynews.com",437,21,0.0480549199084668,743,4.80549199084668,199196,41925094,0.00475123562036617,FALSE
"744","m.mymuskegonow.com",560,27,0.0482142857142857,744,4.82142857142857,199223,41925654,0.00475181615533058,FALSE
"745","m.weatherbug.com",736,36,0.0489130434782609,745,4.89130434782609,199259,41926390,0.00475259138695223,FALSE
"746","sweepstakesalerts.com",2324,114,0.0490533562822719,746,4.90533562822719,199373,41928714,0.00475504686358852,FALSE
"747","addictinggames.com",163,8,0.049079754601227,747,4.9079754601227,199381,41928877,0.00475521917746569,FALSE
"748","interact.stltoday.com",448,22,0.0491071428571429,748,4.91071428571429,199403,41929325,0.00475569306207529,FALSE
"749","reference.com",182,9,0.0494505494505494,749,4.94505494505495,199412,41929507,0.00475588706540241,FALSE
"750","m.atlantic10.com",598,30,0.0501672240802676,750,5.01672240802676,199442,41930105,0.00475653471413916,FALSE
"751","tycsports.com",238,12,0.0504201680672269,751,5.04201680672269,199454,41930343,0.00475679390459553,FALSE
"752","klfy.com",2690,141,0.0524163568773234,752,5.24163568773234,199595,41933033,0.00475985126093789,FALSE
"753","strategywiki.org",438,23,0.0525114155251142,753,5.25114155251141,199618,41933471,0.00476035003160125,FALSE
"754","broomfieldenterprise.com",3174,168,0.052930056710775,754,5.2930056710775,199786,41936645,0.00476399578459364,FALSE
"755","forums.windowscentral.com",447,24,0.0536912751677852,755,5.36912751677852,199810,41937092,0.0047645172917569,FALSE
"756","local10.com",1571,85,0.0541056651814131,756,5.41056651814131,199895,41938663,0.00476636558490193,FALSE
"757","mercedescla.org",1259,69,0.0548054011119936,757,5.48054011119936,199964,41939922,0.00476786771324944,FALSE
"758","britannica.com",1035,57,0.0550724637681159,758,5.50724637681159,200021,41940957,0.00476910910735776,FALSE
"759","wsj.com",411,23,0.0559610705596107,759,5.59610705596107,200044,41941368,0.00476961075756995,FALSE
"760","thesmokinggun.com",2148,124,0.0577281191806331,760,5.77281191806332,200168,41943516,0.0047723228543835,FALSE
"761","creweguardian.co.uk",190,11,0.0578947368421053,761,5.78947368421053,200179,41943706,0.00477256349260125,FALSE
"762","uberfacts.en.softonic.com",172,10,0.0581395348837209,762,5.81395348837209,200189,41943878,0.00477278233548171,FALSE
"763","triviatoday.com",497,29,0.0583501006036217,763,5.83501006036217,200218,41944375,0.00477341717453175,FALSE
"764","billingsgazette.com",1312,77,0.0586890243902439,764,5.86890243902439,200295,41945687,0.0047751035762032,FALSE
"765","gearlive.com",153,9,0.0588235294117647,765,5.88235294117647,200304,41945840,0.00477530072112038,FALSE
"766","sportsbreak.com",272,16,0.0588235294117647,766,5.88235294117647,200320,41946112,0.00477565119742206,FALSE
"767","limaohio.com",3555,218,0.0613220815752461,767,6.13220815752461,200538,41949667,0.00478044319159911,FALSE
"768","blissflora.com",225,14,0.0622222222222222,768,6.22222222222222,200552,41949892,0.00478075128298304,FALSE
"769","dreamcss.com",252,16,0.0634920634920635,769,6.34920634920635,200568,41950144,0.004781103969512,FALSE
"770","moneysavingqueen.com",251,16,0.0637450199203187,770,6.37450199203187,200584,41950395,0.00478145676578254,FALSE
"771","m.edinburghnews.scotsman.com",683,44,0.0644216691068814,771,6.44216691068814,200628,41951078,0.00478242776025922,FALSE
"772","dinero.com",446,29,0.0650224215246637,772,6.50224215246637,200657,41951524,0.00478306819080041,FALSE
"773","female.kompas.com",122,8,0.0655737704918033,773,6.55737704918033,200665,41951646,0.00478324497684787,FALSE
"774","snapdeal.com",1482,102,0.0688259109311741,774,6.88259109311741,200767,41953128,0.00478550729280544,FALSE
"775","wimbledonguardian.co.uk",390,27,0.0692307692307692,775,6.92307692307692,200794,41953518,0.00478610637610891,FALSE
"776","msfabulous.com",243,17,0.0699588477366255,776,6.99588477366255,200811,41953761,0.00478648386255525,FALSE
"777","letrasmania.com",1652,117,0.0708232445520581,777,7.08232445520581,200928,41955413,0.00478908406884232,FALSE
"778","dailyadvocate.com",3501,249,0.0711225364181662,778,7.11225364181662,201177,41958914,0.00479461885024002,FALSE
"779","thenewstribune.com",138,10,0.072463768115942,779,7.2463768115942,201187,41959052,0.00479484140871438,FALSE
"780","triangle.com",303,22,0.0726072607260726,780,7.26072607260726,201209,41959355,0.00479533110077598,FALSE
"781","timesleader.com",15705,1142,0.0727156956383317,781,7.27156956383317,202351,41975060,0.00482074355581624,FALSE
"782","m.news4jax.com",272,20,0.0735294117647059,782,7.35294117647059,202371,41975332,0.00482118878773847,FALSE
"783","lawrence.com",4355,323,0.0741676234213548,783,7.41676234213548,202694,41979687,0.00482838283191583,FALSE
"784","lebanon-express.com",256,19,0.07421875,784,7.421875,202713,41979943,0.00482880598480088,FALSE
"785","wsaw.com",119,9,0.0756302521008403,785,7.56302521008403,202722,41980062,0.00482900668417307,FALSE
"786","coloradohometownweekly.com",181,14,0.0773480662983425,786,7.73480662983425,202736,41980243,0.00482931935386844,FALSE
"787","entretenimiento.univision.com",115,9,0.0782608695652174,787,7.82608695652174,202745,41980358,0.00482952051052066,FALSE
"788","ami.eu5.org",2376,186,0.0782828282828283,788,7.82828282828283,202931,41982734,0.00483367757802529,FALSE
"789","altustimes.com",12494,980,0.0784376500720346,789,7.84376500720346,203911,41995228,0.00485557549538724,FALSE
"790","mob.app.606080169",912,72,0.0789473684210526,790,7.89473684210526,203983,41996140,0.00485718449362251,TRUE
"791","m.southcoasttoday.com",126,10,0.0793650793650794,791,7.93650793650794,203993,41996266,0.00485740803718121,FALSE
"792","fox23news.com",2674,216,0.0807778608825729,792,8.07778608825729,204209,41998940,0.00486224176133969,FALSE
"793","mob.app.com.playink.donut.maker",610,50,0.0819672131147541,793,8.19672131147541,204259,41999550,0.00486336163125557,TRUE
"794","forums.imore.com",121,10,0.0826446280991736,794,8.26446280991736,204269,41999671,0.00486358571713574,FALSE
"795","m.click2houston.com",650,54,0.0830769230769231,795,8.30769230769231,204323,42000321,0.00486479615239131,FALSE
"796","subs4free.com",416,35,0.0841346153846154,796,8.41346153846154,204358,42000737,0.00486558128729979,FALSE
"797","robesonian.com",1067,90,0.084348641049672,797,8.4348641049672,204448,42001804,0.00486760044878072,FALSE
"798","m.golobos.com",105,9,0.0857142857142857,798,8.57142857142857,204457,42001909,0.00486780255630762,FALSE
"799","sedaliademocrat.com",3178,274,0.0862177470106986,799,8.62177470106985,204731,42005087,0.00487395728998252,FALSE
"800","homeroad.net",172,15,0.0872093023255814,800,8.72093023255814,204746,42005259,0.00487429443060927,FALSE
"801","williamsondailynews.com",1230,108,0.0878048780487805,801,8.78048780487805,204854,42006489,0.00487672273681335,FALSE
"802","medicaldaily.com",1444,128,0.0886426592797784,802,8.86426592797784,204982,42007933,0.0048796021456233,FALSE
"803","myjournalcourier.com",838,76,0.0906921241050119,803,9.06921241050119,205058,42008771,0.00488131395226963,FALSE
"804","m.beautifulhairstyles.com",107,10,0.0934579439252336,804,9.34579439252336,205068,42008878,0.00488153956408929,FALSE
"805","mob.app.com.sprakelsoftug.pillmania",1773,169,0.0953186689227298,805,9.53186689227298,205237,42010651,0.00488535633499229,TRUE
"806","goodreturns.in",134,13,0.0970149253731343,806,9.70149253731343,205250,42010785,0.00488565019672924,FALSE
"807","lagrangenews.com",1895,184,0.0970976253298153,807,9.70976253298153,205434,42012680,0.00488980945752568,FALSE
"808","m.daily-journal.com",3753,371,0.0988542499333866,808,9.88542499333866,205805,42016433,0.00489820256755256,FALSE
"809","komonews.com",3222,329,0.102110490378647,809,10.2110490378647,206134,42019655,0.00490565665044132,FALSE
"810","powwows.com",459,47,0.10239651416122,810,10.239651416122,206181,42020114,0.00490672157624323,FALSE
"811","mob.app.444946356",246,26,0.105691056910569,811,10.5691056910569,206207,42020360,0.00490731159847274,TRUE
"812","mob.app.794024885",9870,1092,0.11063829787234,812,11.063829787234,207299,42030230,0.00493214050934292,TRUE
"813","mob.app.488305689",2620,299,0.11412213740458,813,11.412213740458,207598,42032850,0.00493894656203422,TRUE
"814","tomshardware.com",109,13,0.119266055045872,814,11.9266055045872,207611,42032959,0.00493924303544749,FALSE
"815","m.southernminn.com",254,31,0.122047244094488,815,12.2047244094488,207642,42033213,0.00493995070041398,FALSE
"816","dummies.com",11242,1441,0.128180039138943,816,12.8180039138943,209083,42044455,0.00497290308555551,FALSE
"817","loganbanner.com",1329,173,0.130173062452972,817,13.0173062452972,209256,42045784,0.00497686046239499,FALSE
"818","commentcamarche.net",1028,138,0.134241245136187,818,13.4241245136187,209394,42046812,0.00498002083962989,FALSE
"819","katu.com",423,60,0.141843971631206,819,14.1843971631206,209454,42047235,0.00498139770665063,FALSE
"820","clydeenterprise.com",1303,187,0.143514965464313,820,14.3514965464313,209641,42048538,0.00498569058453352,FALSE
"821","1500espn.com",1972,287,0.14553752535497,821,14.553752535497,209928,42050510,0.00499228190098051,FALSE
"822","newsdemocratleader.com",745,109,0.146308724832215,822,14.6308724832215,210037,42051255,0.00499478553018215,FALSE
"823","m.insidenova.com",391,61,0.156010230179028,823,15.6010230179028,210098,42051646,0.00499618968541683,FALSE
"824","sodere.com",6418,1003,0.156279214708632,824,15.6279214708632,211101,42058064,0.00501927525717779,FALSE
"825","spoilertv.com",12956,2026,0.156375424513739,825,15.6375424513739,213127,42071020,0.0050658862086063,FALSE
"826","minestatus.net",1010,169,0.167326732673267,826,16.7326732673267,213296,42072030,0.00506978151517766,FALSE
"827","webopedia.com",688,148,0.215116279069767,827,21.5116279069767,213444,42072718,0.00507321632987914,FALSE
"828","t.monroenews.com",455,105,0.230769230769231,828,23.0769230769231,213549,42073173,0.00507565711766023,FALSE
"829","minecraft-index.com",352,92,0.261363636363636,829,26.1363636363636,213641,42073525,0.00507780130141223,FALSE
"830","metro.us",1008,266,0.263888888888889,830,26.3888888888889,213907,42074533,0.00508400176420259,FALSE
"831","minecraftservers.org",266,77,0.289473684210526,831,28.9473684210526,213984,42074799,0.00508579969686843,FALSE
"832","ww2.daily-journal.com",695,228,0.328057553956835,832,32.8057553956835,214212,42075494,0.00509113452120134,FALSE
"833","kpic.com",918,334,0.363834422657952,833,36.3834422657952,214546,42076412,0.0050989613848253,FALSE
"834","kvi.com",612,240,0.392156862745098,834,39.2156862745098,214786,42077024,0.00510459104712349,FALSE
"835","kcby.com",2090,820,0.392344497607655,835,39.2344497607655,215606,42079114,0.00512382461284712,FALSE
"836","keprtv.com",4049,1608,0.397135095085206,836,39.7135095085206,217214,42083163,0.00516154168354693,FALSE
"837","kmtr.com",1473,659,0.447386286490156,837,44.7386286490156,217873,42084636,0.00517701994618654,FALSE
"838","kval.com",462,218,0.471861471861472,838,47.1861471861472,218091,42085098,0.00518214309492638,FALSE
"839","klewtv.com",658,328,0.498480243161094,839,49.8480243161094,218419,42085756,0.00518985568418921,FALSE
"840","kimatv.com",472,238,0.504237288135593,840,50.4237288135593,218657,42086228,0.00519545253615981,FALSE
"841","musician.viralnova.com",1314,839,0.638508371385084,841,63.8508371385084,219496,42087542,0.00521522497084767,FALSE
