tactic_id,media_type,num_bids_passed_budget_check,num_bids_failed_budget_check,click_score,conversion_score,cpm_bid,cpc_bid,cpa_bid,logtime,refresh_time,internal_bid_wins,viewability_score,in_target_score,cpv_bid,cpg_bid,date(logtime)
432857,1,23181,34149,0,162.83,999.92,0.00,0.00,4/20/2015 0:00,4/20/2015 4:27,1306,7098.45,0,0,0,4/20/2015
432857,1,37802,15904,0,547.67,999.75,0.00,0.00,4/20/2015 1:00,4/20/2015 5:27,1336,11666.70,0,7.99477E-05,0,4/20/2015
432857,1,25096,9473,0,97.52,993.78,0.00,0.00,4/20/2015 2:00,4/20/2015 6:27,1478,7548.89,0,0.000466344,0,4/20/2015
432857,1,13166,5145,0,167.68,999.33,0.00,0.00,4/20/2015 3:00,4/20/2015 7:27,1442,4197.06,0,0.001063509,0,4/20/2015
432857,1,8636,4420,0,199.21,1000.00,0.00,0.00,4/20/2015 4:00,4/20/2015 8:27,85,2830.20,0,0.000633646,0,4/20/2015
432857,1,4642,2554,0,27.42,998.15,0.00,0.00,4/20/2015 5:00,4/20/2015 9:27,0,1549.59,0,0.000462221,0,4/20/2015
432857,1,3154,1477,0,71.73,998.57,0.00,0.00,4/20/2015 6:00,4/20/2015 10:27,0,1016.88,0,0.000462417,0,4/20/2015
432857,1,3233,1149,0,92.47,997.72,0.00,0.00,4/20/2015 7:00,4/20/2015 11:27,0,1071.46,0,0.000462021,0,4/20/2015
432857,1,8252,2398,0,81.01,997.06,0.00,0.00,4/20/2015 8:00,4/20/2015 12:27,0,2476.36,0,0.000461719,0,4/20/2015
432857,1,13578,4476,0,110.01,998.23,0.00,0.00,4/20/2015 9:00,4/20/2015 13:27,1574,4577.20,0,0.000844515,0,4/20/2015
432857,1,32403,9187,0,102.27,997.13,0.00,0.00,4/20/2015 10:00,4/20/2015 14:27,1732,10948.97,0,0.000442634,0,4/20/2015
432857,1,51573,12227,0,235.29,998.45,0.00,0.00,4/20/2015 11:00,4/20/2015 15:27,2142,16970.35,0,1.82549E-05,0,4/20/2015
432857,1,65586,15293,0,495.55,995.08,0.00,0.00,4/20/2015 12:00,4/20/2015 16:27,2522,21879.62,0,5.90569E-06,0,4/20/2015
432857,1,68823,16316,0,309.10,997.13,0.00,0.00,4/20/2015 13:00,4/20/2015 17:27,6063,23026.06,0,2.00919E-06,0,4/20/2015
432857,1,76760,16294,0,400.40,994.95,0.00,0.00,4/20/2015 14:00,4/20/2015 18:27,3434,25730.55,0,2.39538E-06,0,4/20/2015
432857,1,79226,14811,0,505.92,996.69,0.00,0.00,4/20/2015 15:00,4/20/2015 19:27,4242,25773.71,0,6.42428E-06,0,4/20/2015
432857,1,71188,14188,0,230.53,999.05,0.00,0.00,4/20/2015 16:00,4/20/2015 20:27,4992,23744.63,0,1.39043E-05,0,4/20/2015
432857,1,94862,15119,0,121.73,999.82,0.00,0.00,4/20/2015 17:00,4/20/2015 21:27,0,28926.32,0,1.22714E-05,0,4/20/2015
432857,1,76027,13199,0,151.85,999.17,0.00,0.00,4/20/2015 18:00,4/20/2015 22:27,5048,24265.09,0,3.58913E-06,0,4/20/2015
432857,1,75163,13303,0,308.44,999.54,0.00,0.00,4/20/2015 19:00,4/20/2015 23:27,6435,23576.72,0,5.76963E-06,0,4/20/2015
432857,1,39102,9411,0,58.63,998.62,0.00,0.00,4/20/2015 20:00,4/21/2015 0:27,10350,12389.00,0,0.000475938,0,4/20/2015
432857,1,13087,4428,0,33.31,998.08,0.00,0.00,4/20/2015 21:00,4/21/2015 1:27,12577,4960.56,0,0.004594701,0,4/20/2015
432857,1,12678,4242,0,14.91,999.33,0.00,0.00,4/20/2015 22:00,4/21/2015 2:27,12157,4919.18,0,0.017548483,0,4/20/2015
432857,1,15685,4156,0,19.91,1000.00,0.00,0.00,4/20/2015 23:00,4/21/2015 3:27,14951,6179.84,0,0.069191238,0,4/20/2015
432857,1,20543,20963,0,18.34,1000.00,0.00,0.00,4/21/2015 0:00,4/21/2015 4:27,2629,6624.16,0,0.122430992,0,4/21/2015
432857,1,24057,8486,0,42.72,1000.00,0.00,0.00,4/21/2015 1:00,4/21/2015 5:27,7760,8029.24,0,0.111374168,0,4/21/2015
432857,1,16096,5491,0,19.60,997.76,0.00,0.00,4/21/2015 2:00,4/21/2015 6:27,5362,5517.19,0,0.098836747,0,4/21/2015
432857,1,4946,2311,0,17.87,1000.00,0.00,0.00,4/21/2015 3:00,4/21/2015 7:27,4756,1925.79,0,0.124246536,0,4/21/2015
432857,1,5664,2170,0,9.99,1000.00,0.00,0.00,4/21/2015 4:00,4/21/2015 8:27,1127,1525.44,0,0.152083383,0,4/21/2015
432857,1,3839,1473,0,1.91,998.07,0.00,0.00,4/21/2015 5:00,4/21/2015 9:27,0,1257.62,0,0.151790511,0,4/21/2015
432857,1,3657,1119,0,1.59,999.75,0.00,0.00,4/21/2015 6:00,4/21/2015 10:27,0,1233.37,0,0.152045552,0,4/21/2015
432857,1,3164,974,0,1.00,998.32,0.00,0.00,4/21/2015 7:00,4/21/2015 11:27,0,1088.71,0,0.151827358,0,4/21/2015
432857,1,7946,2258,0,17.57,998.33,0.00,0.00,4/21/2015 8:00,4/21/2015 12:27,0,2761.97,0,0.151828797,0,4/21/2015
432857,1,10379,2751,0,16.14,999.85,0.00,0.00,4/21/2015 9:00,4/21/2015 13:27,4370,3724.73,0,0.155143663,0,4/21/2015
432857,1,27222,6870,0,7.31,999.01,0.00,0.00,4/21/2015 10:00,4/21/2015 14:27,3358,9402.51,0,0.151586421,0,4/21/2015
432857,1,39208,8402,0,22.53,999.35,0.00,0.00,4/21/2015 11:00,4/21/2015 15:27,9905,14260.81,0,0.14399744,0,4/21/2015
432857,1,59602,11491,0,50.42,995.83,0.00,0.00,4/21/2015 12:00,4/21/2015 16:27,10437,20618.19,0,0.121445166,0,4/21/2015
432857,1,59386,10782,0,59.72,998.39,0.00,0.00,4/21/2015 13:00,4/21/2015 17:27,12181,20654.43,0,0.098360777,0,4/21/2015
432857,1,64734,10983,0,41.27,997.15,0.00,0.00,4/21/2015 14:00,4/21/2015 18:27,10923,21390.11,0,0.08259437,0,4/21/2015
432857,1,65600,11967,0,31.72,996.00,0.00,0.00,4/21/2015 15:00,4/21/2015 19:27,5588,22189.13,0,0.07710869,0,4/21/2015
432857,1,32726,4991,0,12.25,999.86,0.00,0.00,4/21/2015 16:00,4/21/2015 20:27,24363,13155.88,0,0.079476688,0,4/21/2015
432857,1,79854,14565,0,10.76,999.02,0.00,0.00,4/21/2015 17:00,4/21/2015 21:27,52,26053.53,0,0.081928829,0,4/21/2015
432857,1,29758,5110,0,4.77,999.61,0.00,0.00,4/21/2015 18:00,4/21/2015 22:27,22250,11844.70,0,0.086222372,0,4/21/2015
432857,1,57708,11163,0,4.44,996.83,0.00,0.00,4/21/2015 19:00,4/21/2015 23:27,4963,19629.05,0,0.093281631,0,4/21/2015
432857,1,54501,13058,0,5.72,998.65,0.00,0.00,4/21/2015 20:00,4/22/2015 0:27,377,17915.83,0,0.093582893,0,4/21/2015
432857,1,13755,3841,0,1.25,999.93,0.00,0.00,4/21/2015 21:00,4/22/2015 1:27,12885,5538.87,0,0.128250989,0,4/21/2015
432857,1,18620,5585,0,3.37,1000.00,0.00,0.00,4/21/2015 22:00,4/22/2015 2:27,8166,6842.33,0,0.276012735,0,4/21/2015
432857,1,49146,11892,0,11.11,999.98,0.00,0.00,4/21/2015 23:00,4/22/2015 3:27,0,16227.96,0,0.326564018,0,4/21/2015
432857,1,14953,18413,0,1.67,1000.00,0.00,0.00,4/22/2015 0:00,4/22/2015 4:27,4225,5082.26,0,0.310129002,0,4/22/2015
432857,1,19734,26518,0,0.65,1000.00,0.00,0.00,4/22/2015 1:00,4/22/2015 5:27,2828,6532.85,0,0.245439465,0,4/22/2015
432857,1,16192,5768,0,1.11,995.59,0.00,0.00,4/22/2015 2:00,4/22/2015 6:27,3523,5176.90,0,0.242214993,0,4/22/2015
432857,1,11018,4052,0,1.99,999.66,0.00,0.00,4/22/2015 3:00,4/22/2015 7:27,851,3386.60,0,0.262480076,0,4/22/2015
432857,1,2017,1030,0,0.45,999.40,0.00,0.00,4/22/2015 4:00,4/22/2015 8:27,1974,725.70,0,0.319220424,0,4/22/2015
432857,1,3425,1298,0,0.29,997.65,0.00,0.00,4/22/2015 5:00,4/22/2015 9:27,472,1093.01,0,0.327960213,0,4/22/2015
432857,1,2905,909,0,0.17,997.59,0.00,0.00,4/22/2015 6:00,4/22/2015 10:27,0,980.15,0,0.327942774,0,4/22/2015
432857,1,3886,1075,0,0.03,997.57,0.00,0.00,4/22/2015 7:00,4/22/2015 11:27,0,1311.32,0,0.327936433,0,4/22/2015
432857,1,5726,1526,0,0.62,995.73,0.00,0.00,4/22/2015 8:00,4/22/2015 12:27,0,1809.27,0,0.327331551,0,4/22/2015
432857,1,8304,2396,0,0.38,999.47,0.00,0.00,4/22/2015 9:00,4/22/2015 13:27,2434,2858.60,0,0.329736727,0,4/22/2015
432857,1,24358,6832,0,1.11,999.92,0.00,0.00,4/22/2015 10:00,4/22/2015 14:27,1018,8329.39,0,0.29494828,0,4/22/2015
432857,1,33824,8681,0,2.17,999.03,0.00,0.00,4/22/2015 11:00,4/22/2015 15:27,5318,11783.87,0,0.271942654,0,4/22/2015
432857,1,47612,10420,0,3.14,994.63,0.00,0.00,4/22/2015 12:00,4/22/2015 16:27,5241,16215.91,0,0.22948232,0,4/22/2015
432857,1,54265,11508,0,12.07,998.54,0.00,0.00,4/22/2015 13:00,4/22/2015 17:27,6847,19242.59,0,0.188593785,0,4/22/2015
432857,1,44662,9411,0,8.48,997.09,0.00,0.00,4/22/2015 14:00,4/22/2015 18:27,8701,15574.05,0,0.163611246,0,4/22/2015
432857,1,35948,6912,0,6.73,999.37,0.00,0.00,4/22/2015 15:00,4/22/2015 19:27,11305,12755.65,0,0.157134355,0,4/22/2015
432857,1,58368,12472,0,5.09,999.94,0.00,0.00,4/22/2015 16:00,4/22/2015 20:27,1360,19074.84,0,0.157144644,0,4/22/2015
432857,1,38042,7426,0,9.54,999.86,0.00,0.00,4/22/2015 17:00,4/22/2015 21:27,10965,12860.59,0,0.161645267,0,4/22/2015
432857,1,67639,13243,0,9.79,998.11,0.00,0.01,4/22/2015 18:00,4/22/2015 22:27,3490,20854.37,0,0.162622324,0,4/22/2015
432857,1,39052,7226,0,5.54,1000.00,0.00,0.01,4/22/2015 19:00,4/22/2015 23:27,11298,13619.11,0,0.168975889,0,4/22/2015
432857,1,54240,13133,0,4.79,999.92,0.00,0.01,4/22/2015 20:00,4/23/2015 0:27,0,17081.71,0,0.170270904,0,4/22/2015
432857,1,26355,8353,0,0.21,999.87,0.00,0.01,4/22/2015 21:00,4/23/2015 1:27,3638,8751.16,0,0.176780459,0,4/22/2015
432857,1,20284,5792,0,0.19,1000.00,0.00,0.01,4/22/2015 22:00,4/23/2015 2:27,5882,6903.41,0,0.27494908,0,4/22/2015
432857,1,50365,11658,0,0.46,999.90,0.00,0.01,4/22/2015 23:00,4/23/2015 3:27,0,16162.68,0,0.308425962,0,4/22/2015
432857,1,19217,16451,0,0.25,1000.00,0.00,0.01,4/23/2015 0:00,4/23/2015 4:27,2553,6197.59,0,0.305681385,0,4/23/2015
432857,1,22294,8013,0,1.21,999.97,0.00,0.00,4/23/2015 1:00,4/23/2015 5:27,2922,6988.21,0,0.044458544,0,4/23/2015
432857,1,16204,5503,0,0.53,994.83,0.00,0.00,4/23/2015 2:00,4/23/2015 6:27,3573,4911.01,0,0.0435259,0,4/23/2015
432857,1,9685,3807,0,0.04,1000.00,0.00,0.00,4/23/2015 3:00,4/23/2015 7:27,1146,2867.12,0,0.049244105,0,4/23/2015
432857,1,3890,1525,0,0.09,1000.00,0.00,0.00,4/23/2015 4:00,4/23/2015 8:27,1305,1194.89,0,0.051432257,0,4/23/2015
432857,1,1219,536,0,0.00,1000.00,0.00,0.00,4/23/2015 5:00,4/23/2015 9:27,1042,429.84,0,0.053235228,0,4/23/2015
432857,1,3267,951,0,0.01,999.05,0.00,0.00,4/23/2015 6:00,4/23/2015 10:27,0,1138.93,0,0.05318488,0,4/23/2015
432857,1,7839,2225,0,0.02,994.34,0.00,0.00,4/23/2015 7:00,4/23/2015 11:27,0,2906.15,0,0.052933686,0,4/23/2015
432857,1,7159,2039,0,0.01,996.16,0.00,0.00,4/23/2015 8:00,4/23/2015 12:27,0,2568.59,0,0.053030642,0,4/23/2015
432857,1,7390,2052,0,0.05,997.33,0.00,0.00,4/23/2015 9:00,4/23/2015 13:27,1624,2281.72,0,0.052890828,0,4/23/2015
432857,1,18075,5292,0,0.05,998.00,0.00,0.00,4/23/2015 10:00,4/23/2015 14:27,973,5501.87,0,0.046866806,0,4/23/2015
432857,1,22819,5901,0,0.11,999.54,0.00,0.00,4/23/2015 11:00,4/23/2015 15:27,3859,7073.81,0,0.042463211,0,4/23/2015
432857,1,37320,8109,0,1.49,995.21,0.00,0.00,4/23/2015 12:00,4/23/2015 16:27,3934,11454.35,0,0.03531085,0,4/23/2015
432857,1,38415,7874,0,0.42,998.71,0.00,0.00,4/23/2015 13:00,4/23/2015 17:27,4950,12370.82,0,0.028084649,0,4/23/2015
432857,1,35877,7146,0,0.69,999.78,0.00,0.00,4/23/2015 14:00,4/23/2015 18:27,7266,11071.66,0,0.023752502,0,4/23/2015
432857,1,39569,7945,0,1.96,999.30,0.00,0.00,4/23/2015 15:00,4/23/2015 19:27,4413,11599.77,0,0.022098436,0,4/23/2015
432857,1,46873,9232,0,1.70,995.42,0.00,0.01,4/23/2015 16:00,4/23/2015 20:27,3293,13653.56,0,0.021026371,0,4/23/2015
432857,1,33080,5662,0,4.08,995.21,0.00,0.01,4/23/2015 17:00,4/23/2015 21:27,8938,9623.48,0,0.020927248,0,4/23/2015
432857,1,54496,10575,0,5.00,994.75,0.00,0.01,4/23/2015 18:00,4/23/2015 22:27,0,15415.76,0,0.020740579,0,4/23/2015
432857,1,23113,4461,0,3.31,995.02,0.00,0.01,4/23/2015 19:00,4/23/2015 23:27,9084,6824.14,0,0.021636246,0,4/23/2015
432857,1,31651,8629,0,2.71,996.66,0.00,0.01,4/23/2015 20:00,4/24/2015 0:27,988,9532.32,0,0.024574517,0,4/23/2015
432857,1,32568,9522,0,8.00,995.71,0.00,0.01,4/23/2015 21:00,4/24/2015 1:27,0,9604.48,0,0.024555151,0,4/23/2015
432857,1,18832,5960,0,10.23,996.70,0.00,0.01,4/23/2015 22:00,4/24/2015 2:27,3441,5695.22,0,0.025670266,0,4/23/2015
432857,1,39281,9978,0,24.37,996.51,0.00,0.01,4/23/2015 23:00,4/24/2015 3:27,1071,11199.11,0,0.034181416,0,4/23/2015
432857,1,14553,14783,0,5.20,998.73,0.00,0.01,4/24/2015 0:00,4/24/2015 4:27,2099,4301.27,0,0.034878457,0,4/24/2015
432857,1,29150,12888,0,4.28,998.80,0.00,0.01,4/24/2015 1:00,4/24/2015 5:27,2178,7970.86,0,0.033243997,0,4/24/2015
432857,1,16714,6269,0,4.36,993.83,0.00,0.01,4/24/2015 2:00,4/24/2015 6:27,2535,4810.75,0,0.031517613,0,4/24/2015
432857,1,14014,4747,0,3.64,999.17,0.00,0.00,4/24/2015 3:00,4/24/2015 7:27,861,3698.64,0,0.032343103,0,4/24/2015
432857,1,1952,1244,0,1.17,1000.00,0.00,0.00,4/24/2015 4:00,4/24/2015 8:27,1459,551.18,0,0.038449034,0,4/24/2015
432857,1,5317,1861,0,0.37,999.14,0.00,0.00,4/24/2015 5:00,4/24/2015 9:27,0,1381.82,0,0.039340311,0,4/24/2015
432857,1,3340,1076,0,0.15,997.10,0.00,0.00,4/24/2015 6:00,4/24/2015 10:27,0,842.02,0,0.039260267,0,4/24/2015
432857,1,5632,1632,0,0.20,996.35,0.00,0.00,4/24/2015 7:00,4/24/2015 11:27,0,1552.87,0,0.039230702,0,4/24/2015
432857,1,5292,1522,0,4.02,995.49,0.00,0.00,4/24/2015 8:00,4/24/2015 12:27,0,1452.35,0,0.039196746,0,4/24/2015
432857,1,7738,2729,0,2.62,995.00,0.00,0.00,4/24/2015 9:00,4/24/2015 13:27,1715,2146.21,0,0.038398329,0,4/24/2015
432857,1,24698,6629,0,3.36,995.47,0.00,0.00,4/24/2015 10:00,4/24/2015 14:27,1623,6567.57,0,0.028208891,0,4/24/2015
432857,1,30968,8133,0,3.79,994.62,0.00,0.00,4/24/2015 11:00,4/24/2015 15:27,2553,9033.80,0,0.000544011,0,4/24/2015
432857,1,37682,9729,0,3.04,995.92,0.00,0.00,4/24/2015 12:00,4/24/2015 16:27,3372,11171.63,0,5.71409E-06,0,4/24/2015
432857,1,43986,9395,0,7.77,996.69,0.00,0.00,4/24/2015 13:00,4/24/2015 17:27,3714,12949.12,0,1.54245E-05,0,4/24/2015
432857,1,46916,9203,0,3.35,997.24,0.00,0.00,4/24/2015 14:00,4/24/2015 18:27,5418,13552.96,0,1.70428E-05,0,4/24/2015
432857,1,47239,9553,0,5.07,996.37,0.00,0.00,4/24/2015 15:00,4/24/2015 19:27,3940,14044.59,0,6.90025E-05,0,4/24/2015
432857,1,37767,7684,0,4.01,998.92,0.00,0.00,4/24/2015 16:00,4/24/2015 20:27,3805,11244.04,0,0.000157332,0,4/24/2015
432857,1,27215,4685,0,3.84,995.57,0.00,0.00,4/24/2015 17:00,4/24/2015 21:27,7021,7315.65,0,3.51685E-05,0,4/24/2015
432857,1,41893,7907,0,4.27,994.42,0.00,0.00,4/24/2015 18:00,4/24/2015 22:27,4642,11722.70,0,2.64335E-05,0,4/24/2015
432857,1,52922,11760,0,5.79,995.91,0.00,0.00,4/24/2015 19:00,4/24/2015 23:27,0,15718.53,0,1.44E-21,0,4/24/2015
432857,1,25512,6912,0,2.92,996.23,0.00,0.00,4/24/2015 20:00,4/25/2015 0:27,2885,7438.74,0,9.28E-22,0,4/24/2015
432857,1,8032,3301,0,1.07,997.88,0.00,0.00,4/24/2015 21:00,4/25/2015 1:27,5344,2400.63,0,7.55E-33,0,4/24/2015
432857,1,20862,8157,0,3.55,993.92,0.00,0.00,4/24/2015 22:00,4/25/2015 2:27,0,5952.74,0,2.77E-132,0,4/24/2015
432857,1,20769,8444,0,3.42,996.39,0.00,0.00,4/24/2015 23:00,4/25/2015 3:27,0,6065.23,0,2.78E-132,0,4/24/2015
432857,1,3309,8397,0,0.88,999.42,0.00,0.00,4/25/2015 0:00,4/25/2015 4:27,2663,1001.50,0,0.000254189,0,4/25/2015
432857,1,3053,16900,0,0.24,999.54,0.00,0.00,4/25/2015 1:00,4/25/2015 5:27,546,900.86,0,0.000202114,0,4/25/2015
432857,1,34,21059,0,0.00,1000.00,0.00,0.00,4/25/2015 2:00,4/25/2015 6:27,0,9.97,0,1.83905E-05,0,4/25/2015
432857,1,5119,6271,0,0.95,990.11,0.00,0.00,4/25/2015 3:00,4/25/2015 7:27,0,1432.91,0,1.82085E-05,0,4/25/2015
432857,1,4109,1308,0,0.69,995.38,0.00,0.00,4/25/2015 4:00,4/25/2015 8:27,482,1172.22,0,6.76418E-06,0,4/25/2015
432857,1,3797,1206,0,0.67,988.97,0.00,0.00,4/25/2015 5:00,4/25/2015 9:27,0,1096.18,0,2.39E-199,0,4/25/2015
432857,1,2009,656,0,0.40,994.47,0.00,0.00,4/25/2015 6:00,4/25/2015 10:27,0,535.15,0,2.40E-199,0,4/25/2015
432857,1,1848,572,0,0.40,994.11,0.00,0.00,4/25/2015 7:00,4/25/2015 11:27,0,573.68,0,2.40E-199,0,4/25/2015
432857,1,2888,820,0,0.44,992.37,0.00,0.00,4/25/2015 8:00,4/25/2015 12:27,0,873.70,0,2.40E-199,0,4/25/2015
432857,1,4117,1110,0,0.36,992.62,0.00,0.00,4/25/2015 9:00,4/25/2015 13:27,585,1037.98,0,5.49E-200,0,4/25/2015
432857,1,6658,2412,0,0.75,989.45,0.00,0.00,4/25/2015 10:00,4/25/2015 14:27,889,2112.13,0,1.04E-229,0,4/25/2015
432857,1,10670,3797,0,1.44,996.04,0.00,0.00,4/25/2015 11:00,4/25/2015 15:27,1059,3086.18,0,5.97E-249,0,4/25/2015
432857,1,14691,4927,0,1.22,992.71,0.00,0.00,4/25/2015 12:00,4/25/2015 16:27,1552,4035.13,0,6.65E-268,0,4/25/2015
432857,1,12029,4265,0,1.17,995.60,0.00,0.00,4/25/2015 13:00,4/25/2015 17:27,1497,3519.52,0,1.69E-299,0,4/25/2015
432857,1,15890,5019,0,1.87,996.95,0.00,0.00,4/25/2015 14:00,4/25/2015 18:27,1956,4438.47,0,0,0,4/25/2015
432857,1,15635,5489,0,4.54,992.32,0.00,0.00,4/25/2015 15:00,4/25/2015 19:27,989,4481.61,0,0,0,4/25/2015
432857,1,10130,3696,0,3.64,999.42,0.00,0.00,4/25/2015 16:00,4/25/2015 20:27,3186,2945.59,0,0,0,4/25/2015
432857,1,20487,7021,0,9.89,995.64,0.00,0.00,4/25/2015 17:00,4/25/2015 21:27,0,5557.17,0,0,0,4/25/2015
432857,1,22091,7290,0,9.97,993.07,0.00,0.00,4/25/2015 18:00,4/25/2015 22:27,0,6328.23,0,0,0,4/25/2015
432857,1,25120,8049,0,10.67,995.34,0.00,0.00,4/25/2015 19:00,4/25/2015 23:27,0,7499.65,0,0,0,4/25/2015
432857,1,33527,10282,0,12.53,994.43,0.00,0.00,4/25/2015 20:00,4/26/2015 0:27,0,9654.62,0,0,0,4/25/2015
432857,1,20649,7579,0,7.77,992.99,0.00,0.00,4/25/2015 21:00,4/26/2015 1:27,0,6209.31,0,0,0,4/25/2015
432857,1,22013,7709,0,6.65,993.37,0.00,0.00,4/25/2015 22:00,4/26/2015 2:27,0,6420.99,0,0,0,4/25/2015
432857,1,20165,7070,0,8.42,994.02,0.00,0.00,4/25/2015 23:00,4/26/2015 3:27,0,6070.60,0,0,0,4/25/2015
432857,1,8856,12635,0,2.56,999.56,0.00,0.00,4/26/2015 0:00,4/26/2015 4:27,597,2675.53,0,0,0,4/26/2015
432857,1,10426,11024,0,2.61,998.33,0.00,0.00,4/26/2015 1:00,4/26/2015 5:27,374,3157.85,0,0,0,4/26/2015
432857,1,10692,4660,0,3.32,993.51,0.00,0.00,4/26/2015 2:00,4/26/2015 6:27,391,3139.57,0,0,0,4/26/2015
432857,1,8717,2776,0,4.73,998.26,0.00,0.00,4/26/2015 3:00,4/26/2015 7:27,340,2654.09,0,0,0,4/26/2015
432857,1,5183,1604,0,1.18,998.51,0.00,0.00,4/26/2015 4:00,4/26/2015 8:27,397,1473.08,0,0,0,4/26/2015
432857,1,4340,1217,0,0.77,999.66,0.00,0.00,4/26/2015 5:00,4/26/2015 9:27,0,1125.80,0,0,0,4/26/2015
432857,1,2559,793,0,0.77,995.03,0.00,0.00,4/26/2015 6:00,4/26/2015 10:27,0,689.64,0,0,0,4/26/2015
432857,1,1652,489,0,0.37,992.58,0.00,0.00,4/26/2015 7:00,4/26/2015 11:27,0,481.67,0,0,0,4/26/2015
432857,1,1979,654,0,0.36,994.93,0.00,0.00,4/26/2015 8:00,4/26/2015 12:27,0,531.49,0,0,0,4/26/2015
432857,1,2927,904,0,0.44,991.78,0.00,0.00,4/26/2015 9:00,4/26/2015 13:27,657,912.66,0,0,0,4/26/2015
432857,1,5640,2437,0,1.00,991.50,0.00,0.00,4/26/2015 10:00,4/26/2015 14:27,699,1680.53,0,0,0,4/26/2015
432857,1,9811,3576,0,1.69,998.27,0.00,0.00,4/26/2015 11:00,4/26/2015 15:27,964,3025.63,0,0,0,4/26/2015
432857,1,10541,4043,0,1.98,994.75,0.00,0.00,4/26/2015 12:00,4/26/2015 16:27,1249,3328.10,0,0,0,4/26/2015
432857,1,12872,4651,0,2.50,996.35,0.00,0.00,4/26/2015 13:00,4/26/2015 17:27,1397,4072.50,0,0,0,4/26/2015
432857,1,13751,4641,0,2.50,998.90,0.00,0.00,4/26/2015 14:00,4/26/2015 18:27,1704,4359.64,0,0,0,4/26/2015
432857,1,10920,3842,0,2.36,994.08,0.00,0.00,4/26/2015 15:00,4/26/2015 19:27,1696,3297.51,0,0,0,4/26/2015
432857,1,12707,4713,0,2.54,996.39,0.00,0.00,4/26/2015 16:00,4/26/2015 20:27,750,3752.37,0,0,0,4/26/2015
432857,1,14002,5178,0,2.42,994.10,0.00,0.00,4/26/2015 17:00,4/26/2015 21:27,617,4162.25,0,0,0,4/26/2015
432857,1,25448,7817,0,4.91,992.79,0.00,0.00,4/26/2015 18:00,4/26/2015 22:27,0,7138.04,0,0,0,4/26/2015
432857,1,18659,7000,0,5.17,991.80,0.00,0.00,4/26/2015 19:00,4/26/2015 23:27,0,5312.67,0,0,0,4/26/2015
432857,1,15628,5970,0,4.57,993.51,0.00,0.00,4/26/2015 20:00,4/27/2015 0:27,0,4837.86,0,0,0,4/26/2015
432857,1,17342,6613,0,3.59,992.50,0.00,0.00,4/26/2015 21:00,4/27/2015 1:27,0,5252.69,0,0,0,4/26/2015
432857,1,19570,7674,0,1.25,991.45,0.00,0.00,4/26/2015 22:00,4/27/2015 2:27,0,6143.85,0,0,0,4/26/2015
432857,1,22238,7720,0,3.36,994.45,0.00,0.00,4/26/2015 23:00,4/27/2015 3:27,0,6056.11,0,0,0,4/26/2015
432857,1,10160,14699,0,0.95,998.79,0.00,0.00,4/27/2015 0:00,4/27/2015 4:27,648,3091.09,0,0,0,4/27/2015
432857,1,7951,5374,0,0.97,999.23,0.00,0.00,4/27/2015 1:00,4/27/2015 5:27,3889,2284.88,0,1.92429E-07,0,4/27/2015
432857,1,7016,2754,0,0.59,991.04,0.00,0.00,4/27/2015 2:00,4/27/2015 6:27,1977,2045.42,0,0,0,4/27/2015
432857,1,6336,2032,0,1.00,999.02,0.00,0.00,4/27/2015 3:00,4/27/2015 7:27,603,1849.11,0,0,0,4/27/2015
432857,1,1679,665,0,0.34,999.13,0.00,0.00,4/27/2015 4:00,4/27/2015 8:27,906,452.69,0,0,0,4/27/2015
432857,1,757,286,0,0.06,998.15,0.00,0.00,4/27/2015 5:00,4/27/2015 9:27,742,222.97,0,0,0,4/27/2015
432857,1,3033,793,0,0.13,997.12,0.00,0.00,4/27/2015 6:00,4/27/2015 10:27,96,932.65,0,0,0,4/27/2015
432857,1,1790,595,0,0.10,993.22,0.00,0.00,4/27/2015 7:00,4/27/2015 11:27,0,495.81,0,0,0,4/27/2015
432857,1,3673,1175,0,0.28,992.54,0.00,0.00,4/27/2015 8:00,4/27/2015 12:27,0,1065.18,0,0,0,4/27/2015
432857,1,4693,1487,0,0.27,994.03,0.00,0.00,4/27/2015 9:00,4/27/2015 13:27,1100,1446.55,0,0,0,4/27/2015
432857,1,9066,3023,0,0.62,988.61,0.00,0.00,4/27/2015 10:00,4/27/2015 14:27,2119,2956.84,0,0,0,4/27/2015
432857,1,13895,5320,0,1.89,990.87,0.00,0.00,4/27/2015 11:00,4/27/2015 15:27,3191,4285.51,0,0,0,4/27/2015
432857,1,20780,6278,0,2.35,990.54,0.00,0.00,4/27/2015 12:00,4/27/2015 16:27,3736,6310.40,0,0,0,4/27/2015
432857,1,23837,6663,0,3.07,993.60,0.00,0.00,4/27/2015 13:00,4/27/2015 17:27,4425,7377.50,0,0,0,4/27/2015
432857,1,29996,8560,0,2.74,997.16,0.00,0.00,4/27/2015 14:00,4/27/2015 18:27,2731,9158.61,0,0,0,4/27/2015
432857,1,20838,5544,0,3.31,994.78,0.00,0.00,4/27/2015 15:00,4/27/2015 19:27,4555,6565.82,0,0,0,4/27/2015
432857,1,22630,5645,0,1.95,999.37,0.00,0.00,4/27/2015 16:00,4/27/2015 20:27,6787,6909.01,0,0,0,4/27/2015
432857,1,33389,10196,0,2.10,995.30,0.00,0.00,4/27/2015 17:00,4/27/2015 21:27,0,9696.52,0,0,0,4/27/2015
432857,1,17729,5396,0,1.88,992.82,0.00,0.00,4/27/2015 18:00,4/27/2015 22:27,0,4833.68,0,0,0,4/27/2015
432857,1,14614,3899,0,1.18,991.39,0.00,0.00,4/27/2015 19:00,4/27/2015 23:27,0,4247.28,0,0,0,4/27/2015
432857,1,16012,7315,0,1.39,992.68,0.00,0.00,4/27/2015 20:00,4/28/2015 0:27,0,4613.15,0,0,0,4/27/2015
432857,1,12827,7630,0,1.02,997.67,0.00,0.00,4/27/2015 21:00,4/28/2015 1:27,0,3859.45,0,0,0,4/27/2015
432857,1,12708,6956,0,2.69,993.63,0.00,0.00,4/27/2015 22:00,4/28/2015 2:27,0,3821.43,0,0,0,4/27/2015
432857,1,19659,7819,0,2.75,993.86,0.00,0.00,4/27/2015 23:00,4/28/2015 3:27,0,5865.76,0,0,0,4/27/2015
432857,1,7398,15434,0,0.95,997.12,0.00,0.00,4/28/2015 0:00,4/28/2015 4:27,1938,2303.10,0,0,0,4/28/2015
432857,1,12164,6243,0,1.48,999.83,0.00,0.00,4/28/2015 1:00,4/28/2015 5:27,1594,3751.37,0,0,0,4/28/2015
432857,1,10965,3335,0,1.55,993.55,0.00,0.00,4/28/2015 2:00,4/28/2015 6:27,2113,3263.11,0,8.74019E-07,0,4/28/2015
432857,1,7192,2134,0,1.17,999.28,0.00,0.00,4/28/2015 3:00,4/28/2015 7:27,508,2245.82,0,1.74E-73,0,4/28/2015
432857,1,1529,454,0,0.59,1000.00,0.00,0.00,4/28/2015 4:00,4/28/2015 8:27,1489,459.91,0,4.99E-183,0,4/28/2015
432857,1,1749,543,0,0.17,1000.00,0.00,0.00,4/28/2015 5:00,4/28/2015 9:27,251,554.83,0,0,0,4/28/2015
432857,1,2332,689,0,0.14,987.63,0.00,0.00,4/28/2015 6:00,4/28/2015 10:27,0,631.37,0,0,0,4/28/2015
432857,1,2413,692,0,0.51,995.96,0.00,0.00,4/28/2015 7:00,4/28/2015 11:27,0,692.12,0,0,0,4/28/2015
432857,1,5273,1429,0,0.48,996.78,0.00,0.00,4/28/2015 8:00,4/28/2015 12:27,0,1591.36,0,0,0,4/28/2015
432857,1,4417,1375,0,0.47,994.17,0.00,0.00,4/28/2015 9:00,4/28/2015 13:27,1758,1442.39,0,0,0,4/28/2015
432857,1,15045,4562,0,1.39,992.62,0.00,0.00,4/28/2015 10:00,4/28/2015 14:27,529,4606.98,0,0,0,4/28/2015
432857,1,17883,5892,0,1.88,993.68,0.00,0.00,4/28/2015 11:00,4/28/2015 15:27,2264,5536.01,0,0,0,4/28/2015
432857,1,21320,6965,0,3.15,999.46,0.00,0.00,4/28/2015 12:00,4/28/2015 16:27,2717,6766.38,0,0,0,4/28/2015
432857,1,22953,6912,0,2.97,999.23,0.00,0.00,4/28/2015 13:00,4/28/2015 17:27,3433,7288.32,0,0,0,4/28/2015
432857,1,18973,5705,0,3.10,999.56,0.00,0.00,4/28/2015 14:00,4/28/2015 18:27,7539,6071.52,0,0,0,4/28/2015
432857,1,19554,6985,0,2.25,992.97,0.00,0.00,4/28/2015 15:00,4/28/2015 19:27,3728,5858.88,0,0,0,4/28/2015
432857,1,21185,6858,0,2.84,996.45,0.00,0.00,4/28/2015 16:00,4/28/2015 20:27,6267,6212.55,0,0,0,4/28/2015
432857,1,27134,8038,0,2.80,995.03,0.00,0.00,4/28/2015 17:00,4/28/2015 21:27,4415,7955.78,0,0,0,4/28/2015
432857,1,33975,10192,0,5.39,998.89,0.00,0.00,4/28/2015 18:00,4/28/2015 22:27,0,10183.03,0,0,0,4/28/2015
432857,1,31664,10638,0,3.41,997.05,0.00,0.00,4/28/2015 19:00,4/28/2015 23:27,0,10449.81,0,0,0,4/28/2015
432857,1,27020,9048,0,2.65,995.21,0.00,0.00,4/28/2015 20:00,4/29/2015 0:27,0,8617.61,0,0,0,4/28/2015
432857,1,17357,7529,0,3.71,994.76,0.00,0.00,4/28/2015 21:00,4/29/2015 1:27,0,5662.87,0,0,0,4/28/2015
432857,1,16769,7005,0,6.88,992.85,0.00,0.00,4/28/2015 22:00,4/29/2015 2:27,0,5376.14,0,0,0,4/28/2015
432857,1,21359,7775,0,5.14,997.75,0.00,0.00,4/28/2015 23:00,4/29/2015 3:27,0,6442.02,0,0,0,4/28/2015
432857,1,10552,13941,0,2.56,999.85,0.00,0.00,4/29/2015 0:00,4/29/2015 4:27,1680,3292.90,0,0,0,4/29/2015
432857,1,17417,8189,0,4.40,999.87,0.00,0.00,4/29/2015 1:00,4/29/2015 5:27,2901,5011.81,0,0,0,4/29/2015
432857,1,14108,5001,0,4.27,993.45,0.00,0.00,4/29/2015 2:00,4/29/2015 6:27,1731,4329.01,0,0,0,4/29/2015
432857,1,5046,1786,0,2.06,999.65,0.00,0.00,4/29/2015 3:00,4/29/2015 7:27,3151,1615.51,0,0,0,4/29/2015
432857,1,7664,2323,0,2.14,998.81,0.00,0.00,4/29/2015 4:00,4/29/2015 8:27,0,2129.04,0,0,0,4/29/2015
432857,1,3807,1065,0,0.72,1000.00,0.00,0.00,4/29/2015 5:00,4/29/2015 9:27,527,1269.67,0,0,0,4/29/2015
432857,1,853,330,0,0.27,996.23,0.00,0.00,4/29/2015 6:00,4/29/2015 10:27,842,276.25,0,0,0,4/29/2015
432857,1,1171,342,0,0.25,1000.00,0.00,0.00,4/29/2015 7:00,4/29/2015 11:27,1170,396.15,0,0,0,4/29/2015
432857,1,4288,1229,0,1.18,996.11,0.00,0.00,4/29/2015 8:00,4/29/2015 12:27,109,1298.44,0,0,0,4/29/2015
432857,1,8010,2573,0,2.54,993.08,0.00,0.00,4/29/2015 9:00,4/29/2015 13:27,489,2435.81,0,0,0,4/29/2015
432857,1,11230,4245,0,3.71,992.93,0.00,0.00,4/29/2015 10:00,4/29/2015 14:27,2922,3510.25,0,0,0,4/29/2015
432857,1,19976,6919,0,5.43,997.06,0.00,0.00,4/29/2015 11:00,4/29/2015 15:27,3446,6299.77,0,0,0,4/29/2015
432857,1,28599,9846,0,8.26,993.28,0.00,0.00,4/29/2015 12:00,4/29/2015 16:27,4386,8895.81,0,0,0,4/29/2015
432857,1,27242,8819,0,9.41,994.83,0.00,0.00,4/29/2015 13:00,4/29/2015 17:27,5192,8356.81,0,0,0,4/29/2015
432857,1,26778,8766,0,8.93,999.31,0.00,0.00,4/29/2015 14:00,4/29/2015 18:27,5610,8370.47,0,0,0,4/29/2015
432857,1,31128,10253,0,10.61,998.54,0.00,0.00,4/29/2015 15:00,4/29/2015 19:27,2534,9894.29,0,0,0,4/29/2015
432857,1,15971,5115,0,4.48,996.02,0.00,0.00,4/29/2015 16:00,4/29/2015 20:27,9027,5404.68,0,0,0,4/29/2015
432857,1,40052,11980,0,5.67,996.58,0.00,0.00,4/29/2015 17:00,4/29/2015 21:27,0,12253.82,0,0,0,4/29/2015
432857,1,35694,11746,0,4.89,997.06,0.00,0.00,4/29/2015 18:00,4/29/2015 22:27,0,10930.73,0,0,0,4/29/2015
432857,1,37437,11513,0,7.84,991.89,0.00,0.00,4/29/2015 19:00,4/29/2015 23:27,0,11554.08,0,0,0,4/29/2015
432857,1,26988,10411,0,3.90,995.90,0.00,0.00,4/29/2015 20:00,4/30/2015 0:27,0,8525.33,0,0,0,4/29/2015
432857,1,19343,9022,0,3.04,995.73,0.00,0.00,4/29/2015 21:00,4/30/2015 1:27,0,5974.81,0,0,0,4/29/2015
432857,1,21585,9074,0,3.34,994.85,0.00,0.00,4/29/2015 22:00,4/30/2015 2:27,0,6532.41,0,0,0,4/29/2015
432857,1,21880,8610,0,3.05,993.18,0.00,0.00,4/29/2015 23:00,4/30/2015 3:27,0,6576.39,0,0,0,4/29/2015
432857,1,8849,12151,0,1.36,995.03,0.00,0.00,4/30/2015 0:00,4/30/2015 4:27,3607,2937.00,0,0,0,4/30/2015
432857,1,11828,5196,0,3.40,997.11,0.00,0.00,4/30/2015 1:00,4/30/2015 5:27,7591,3782.36,0,0,0,4/30/2015
432857,1,6197,2264,0,2.17,998.77,0.00,0.00,4/30/2015 2:00,4/30/2015 6:27,5988,1985.76,0,0,0,4/30/2015
432857,1,3772,1244,0,1.08,999.25,0.00,0.00,4/30/2015 3:00,4/30/2015 7:27,3671,1236.28,0,0,0,4/30/2015
432857,1,2507,746,0,0.86,999.45,0.00,0.00,4/30/2015 4:00,4/30/2015 8:27,2447,809.04,0,0,0,4/30/2015
432857,1,1776,521,0,0.81,995.32,0.00,0.00,4/30/2015 5:00,4/30/2015 9:27,1748,542.81,0,0,0,4/30/2015
432857,1,1451,380,0,0.96,998.33,0.00,0.00,4/30/2015 6:00,4/30/2015 10:27,1426,493.82,0,0,0,4/30/2015
432857,1,907,270,0,0.28,995.86,0.00,0.00,4/30/2015 7:00,4/30/2015 11:27,894,251.97,0,0,0,4/30/2015
432857,1,1496,412,0,0.22,998.38,0.00,0.00,4/30/2015 8:00,4/30/2015 12:27,1443,482.35,0,0,0,4/30/2015
432857,1,3396,1003,0,0.74,997.16,0.00,0.00,4/30/2015 9:00,4/30/2015 13:27,3307,1114.23,0,0,0,4/30/2015
432857,1,5883,1818,0,1.06,991.12,0.00,0.00,4/30/2015 10:00,4/30/2015 14:27,5734,1998.82,0,0,0,4/30/2015
432857,1,8496,2577,0,1.75,995.21,0.00,0.00,4/30/2015 11:00,4/30/2015 15:27,8201,2955.47,0,0,0,4/30/2015
432857,1,19450,6094,0,3.15,994.44,0.00,0.00,4/30/2015 12:00,4/30/2015 16:27,4234,6473.90,0,0,0,4/30/2015
432857,1,15354,4298,0,3.07,996.11,0.00,0.00,4/30/2015 13:00,4/30/2015 17:27,9393,5124.52,0,0,0,4/30/2015
432857,1,10793,2530,0,2.23,999.78,0.00,0.00,4/30/2015 14:00,4/30/2015 18:27,10399,3759.55,0,0,0,4/30/2015
432857,1,17566,6177,0,2.64,999.23,0.00,0.00,4/30/2015 15:00,4/30/2015 19:27,6484,5761.65,0,0,0,4/30/2015
432857,1,34988,10802,0,4.32,998.62,0.00,0.00,4/30/2015 16:00,4/30/2015 20:27,0,11625.73,0,0,0,4/30/2015
432857,1,39177,11018,0,4.56,994.89,0.00,0.00,4/30/2015 17:00,4/30/2015 21:27,0,12416.98,0,0,0,4/30/2015
432857,1,42289,11235,0,5.92,995.08,0.00,0.00,4/30/2015 18:00,4/30/2015 22:27,0,13284.30,0,0,0,4/30/2015
432857,1,39607,10878,0,5.15,992.02,0.00,0.00,4/30/2015 19:00,4/30/2015 23:27,0,12067.94,0,0,0,4/30/2015
432857,1,31029,9458,0,8.18,995.49,0.00,0.00,4/30/2015 20:00,5/1/2015 0:27,0,9747.04,0,0,0,4/30/2015
432857,1,25367,9181,0,12.56,994.93,0.00,0.00,4/30/2015 21:00,5/1/2015 1:27,0,8107.46,0,0,0,4/30/2015
432857,1,27151,9166,0,6.29,995.99,0.00,0.00,4/30/2015 22:00,5/1/2015 2:27,0,8599.58,0,0,0,4/30/2015
432857,1,35956,10530,0,8.06,994.21,0.00,0.00,4/30/2015 23:00,5/1/2015 3:27,0,10915.80,0,0,0,4/30/2015
432857,1,8283,8098,0,2.73,998.78,0.00,0.00,5/1/2015 0:00,5/1/2015 4:27,2096,2514.41,0,0,0,5/1/2015
432857,1,12833,4890,0,4.24,999.66,0.00,0.00,5/1/2015 1:00,5/1/2015 5:27,2608,3951.51,0,0,0,5/1/2015
432857,1,11761,3717,0,2.98,999.62,0.00,0.00,5/1/2015 2:00,5/1/2015 6:27,2120,3096.79,0,0,0,5/1/2015
432857,1,5978,1755,0,1.68,999.24,0.00,0.00,5/1/2015 3:00,5/1/2015 7:27,1807,1614.14,0,0,0,5/1/2015
432857,1,7873,2133,0,1.52,1000.00,0.00,0.00,5/1/2015 4:00,5/1/2015 8:27,205,2021.50,0,0,0,5/1/2015
432857,1,914,312,0,0.22,996.20,0.00,0.00,5/1/2015 5:00,5/1/2015 9:27,898,255.78,0,0,0,5/1/2015
432857,1,549,166,0,0.22,992.69,0.00,0.00,5/1/2015 6:00,5/1/2015 10:27,535,162.78,0,0,0,5/1/2015
432857,1,844,238,0,0.69,987.49,0.00,0.00,5/1/2015 7:00,5/1/2015 11:27,659,234.15,0,0,0,5/1/2015
432857,1,5226,1433,0,0.86,997.46,0.00,0.00,5/1/2015 8:00,5/1/2015 12:27,0,1393.13,0,0,0,5/1/2015
432857,1,8708,2583,0,1.30,993.24,0.00,0.00,5/1/2015 9:00,5/1/2015 13:27,1284,2617.53,0,0,0,5/1/2015
432857,1,13011,4058,0,2.54,992.18,0.00,0.00,5/1/2015 10:00,5/1/2015 14:27,2801,3918.37,0,0,0,5/1/2015
432857,1,21574,6449,0,4.27,996.56,0.00,0.00,5/1/2015 11:00,5/1/2015 15:27,4551,6495.10,0,0,0,5/1/2015
432857,1,28427,7414,0,10.57,995.97,0.00,0.00,5/1/2015 12:00,5/1/2015 16:27,5758,8175.45,0,0,0,5/1/2015
432857,1,23975,6761,0,10.19,995.89,0.00,0.00,5/1/2015 13:00,5/1/2015 17:27,4009,7135.05,0,0,0,5/1/2015
432857,1,37550,9592,0,6.59,996.03,0.00,0.00,5/1/2015 14:00,5/1/2015 18:27,232,11360.57,0,0,0,5/1/2015
432857,1,40589,10935,0,14.32,995.89,0.00,0.00,5/1/2015 15:00,5/1/2015 19:27,0,12478.32,0,0,0,5/1/2015
432857,1,40794,11007,0,18.36,998.62,0.00,0.00,5/1/2015 16:00,5/1/2015 20:27,0,12333.72,0,0,0,5/1/2015
432857,1,44973,11750,0,13.54,996.98,0.00,0.00,5/1/2015 17:00,5/1/2015 21:27,0,13301.98,0,0,0,5/1/2015
432857,1,43392,11341,0,22.06,994.70,0.00,0.00,5/1/2015 18:00,5/1/2015 22:27,0,13310.57,0,0,0,5/1/2015
432857,1,40141,10670,0,14.37,995.06,0.00,0.00,5/1/2015 19:00,5/1/2015 23:27,0,11866.09,0,0,0,5/1/2015
432857,1,29798,9577,0,27.05,995.05,0.00,0.00,5/1/2015 20:00,5/2/2015 0:27,0,9200.98,0,0,0,5/1/2015
432857,1,25520,8982,0,26.52,993.97,0.00,0.00,5/1/2015 21:00,5/2/2015 1:27,0,7668.62,0,0,0,5/1/2015
432857,1,24293,8603,0,30.30,996.10,0.00,0.00,5/1/2015 22:00,5/2/2015 2:27,0,7173.51,0,0,0,5/1/2015
432857,1,23165,8564,0,66.09,995.99,0.00,0.00,5/1/2015 23:00,5/2/2015 3:27,0,6910.06,0,0,0,5/1/2015
432857,1,3712,7625,0,3.09,999.15,0.00,0.00,5/2/2015 0:00,5/2/2015 4:27,2655,1149.93,0,0,0,5/2/2015
432857,1,3311,18617,0,3.05,998.35,0.00,0.00,5/2/2015 1:00,5/2/2015 5:27,867,1037.68,0,0,0,5/2/2015
432857,1,3944,13329,0,2.28,993.52,0.00,0.00,5/2/2015 2:00,5/2/2015 6:27,163,1156.56,0,0,0,5/2/2015
432857,1,3319,4103,0,1.95,999.15,0.00,0.00,5/2/2015 3:00,5/2/2015 7:27,890,946.64,0,0,0,5/2/2015
432857,1,2007,3398,0,0.72,999.82,0.00,0.00,5/2/2015 4:00,5/2/2015 8:27,465,589.53,0,0,0,5/2/2015
432857,1,225,1555,0,0.09,981.82,0.00,0.00,5/2/2015 5:00,5/2/2015 9:27,222,61.10,0,0,0,5/2/2015
432857,1,95,1820,0,0.02,1000.00,0.00,0.00,5/2/2015 6:00,5/2/2015 10:27,91,27.64,0,0,0,5/2/2015
432857,1,53,1974,0,0.01,1000.00,0.00,0.00,5/2/2015 7:00,5/2/2015 11:27,53,14.17,0,0,0,5/2/2015
432857,1,120,2930,0,0.04,1000.00,0.00,0.00,5/2/2015 8:00,5/2/2015 12:27,119,32.57,0,0,0,5/2/2015
432857,1,873,3611,0,0.32,997.38,0.00,0.00,5/2/2015 9:00,5/2/2015 13:27,859,290.11,0,0,0,5/2/2015
432857,1,6695,1666,0,2.71,992.54,0.00,0.00,5/2/2015 10:00,5/2/2015 14:27,839,2043.27,0,0,0,5/2/2015
432857,1,6957,1455,0,4.78,998.43,0.00,0.00,5/2/2015 11:00,5/2/2015 15:27,2255,2163.75,0,0,0,5/2/2015
432857,1,10970,2265,0,4.75,996.41,0.00,0.00,5/2/2015 12:00,5/2/2015 16:27,2188,3470.56,0,0,0,5/2/2015
432857,1,18997,4038,0,12.89,995.48,0.00,0.00,5/2/2015 13:00,5/2/2015 17:27,0,5731.97,0,0,0,5/2/2015
432857,1,18683,3971,0,8.63,997.30,0.00,0.00,5/2/2015 14:00,5/2/2015 18:27,0,6006.23,0,0,0,5/2/2015
432857,1,16712,3846,0,7.27,995.83,0.00,0.00,5/2/2015 15:00,5/2/2015 19:27,0,5331.13,0,0,0,5/2/2015
432857,1,20094,4533,0,6.37,992.82,0.00,0.00,5/2/2015 16:00,5/2/2015 20:27,0,6303.90,0,0,0,5/2/2015
432857,1,20472,4693,0,7.51,996.88,0.00,0.00,5/2/2015 17:00,5/2/2015 21:27,0,6493.70,0,0,0,5/2/2015
432857,1,16961,4548,0,10.57,995.46,0.00,0.00,5/2/2015 18:00,5/2/2015 22:27,0,5126.14,0,0,0,5/2/2015
432857,1,17541,4703,0,7.36,995.77,0.00,0.00,5/2/2015 19:00,5/2/2015 23:27,0,5273.02,0,0,0,5/2/2015
432857,1,18179,4867,0,7.73,996.18,0.00,0.00,5/2/2015 20:00,5/3/2015 0:27,0,5473.37,0,0,0,5/2/2015
432857,1,18146,5147,0,24.98,994.20,0.00,0.00,5/2/2015 21:00,5/3/2015 1:27,0,5514.84,0,0,0,5/2/2015
432857,1,15735,4845,0,59.63,993.89,0.00,0.00,5/2/2015 22:00,5/3/2015 2:27,0,4750.81,0,0,0,5/2/2015
432857,1,16626,5337,0,34.82,994.93,0.00,0.00,5/2/2015 23:00,5/3/2015 3:27,0,5069.99,0,0,0,5/2/2015
432857,1,5466,7391,0,12.28,994.10,0.00,0.00,5/3/2015 0:00,5/3/2015 4:27,979,1739.82,0,2.0683E-06,0,5/3/2015
432857,1,10135,4461,0,19.27,992.31,0.00,0.00,5/3/2015 1:00,5/3/2015 5:27,1468,3245.95,0,2.03E-17,0,5/3/2015
432857,1,10268,2726,0,18.19,994.69,0.00,0.00,5/3/2015 2:00,5/3/2015 6:27,739,3166.35,0,7.42E-125,0,5/3/2015
432857,1,7624,2560,0,13.26,998.58,0.00,0.00,5/3/2015 3:00,5/3/2015 7:27,466,2201.15,0,1.61E-273,0,5/3/2015
432857,1,2706,859,0,5.95,998.82,0.00,0.00,5/3/2015 4:00,5/3/2015 8:27,919,771.95,0,0,0,5/3/2015
432857,1,3270,979,0,7.59,992.98,0.00,0.00,5/3/2015 5:00,5/3/2015 9:27,0,907.05,0,0,0,5/3/2015
432857,1,3004,877,0,4.73,996.24,0.00,0.00,5/3/2015 6:00,5/3/2015 10:27,0,808.29,0,0,0,5/3/2015
432857,1,3334,1011,0,6.72,994.99,0.00,0.00,5/3/2015 7:00,5/3/2015 11:27,0,1033.75,0,0,0,5/3/2015
432857,1,2432,748,0,2.91,991.63,0.00,0.00,5/3/2015 8:00,5/3/2015 12:27,0,725.16,0,0,0,5/3/2015
432857,1,2643,821,0,5.19,989.50,0.00,0.00,5/3/2015 9:00,5/3/2015 13:27,819,806.30,0,0,0,5/3/2015
432857,1,5481,1695,0,6.86,996.06,0.00,0.00,5/3/2015 10:00,5/3/2015 14:27,788,1877.11,0,0,0,5/3/2015
432857,1,8159,2562,0,12.57,998.38,0.00,0.00,5/3/2015 11:00,5/3/2015 15:27,877,2614.67,0,0,0,5/3/2015
432857,1,13608,4488,0,27.39,998.64,0.00,0.00,5/3/2015 12:00,5/3/2015 16:27,0,4402.56,0,0,0,5/3/2015
432857,1,16663,5139,0,39.59,992.97,0.00,0.00,5/3/2015 13:00,5/3/2015 17:27,0,5013.97,0,0,0,5/3/2015
432857,1,13719,4480,0,34.82,991.57,0.00,0.00,5/3/2015 14:00,5/3/2015 18:27,0,4374.28,0,0,0,5/3/2015
432857,1,14552,4910,0,21.18,996.37,0.00,0.00,5/3/2015 15:00,5/3/2015 19:27,0,4585.99,0,0,0,5/3/2015
432857,1,19441,6598,0,40.70,996.57,0.00,0.00,5/3/2015 16:00,5/3/2015 20:27,0,6496.45,0,0,0,5/3/2015
432857,1,20911,6955,0,59.32,996.01,0.00,0.00,5/3/2015 17:00,5/3/2015 21:27,0,6786.82,0,0,0,5/3/2015
432857,1,18808,6327,0,54.31,995.38,0.00,0.00,5/3/2015 18:00,5/3/2015 22:27,1666,6220.77,0,0,0,5/3/2015
432857,1,14629,4846,0,42.96,993.67,0.00,0.00,5/3/2015 19:00,5/3/2015 23:27,2578,4790.78,0,0,0,5/3/2015
432857,1,21968,7562,0,47.50,994.20,0.00,0.00,5/3/2015 20:00,5/4/2015 0:27,0,6953.79,0,0,0,5/3/2015
432857,1,20403,7112,0,49.48,992.44,0.00,0.00,5/3/2015 21:00,5/4/2015 1:27,0,6501.64,0,0,0,5/3/2015
432857,1,15696,5929,0,48.71,994.38,0.00,0.00,5/3/2015 22:00,5/4/2015 2:27,1231,4778.37,0,0,0,5/3/2015
432857,1,17204,5560,0,36.51,992.92,0.00,0.00,5/3/2015 23:00,5/4/2015 3:27,1675,5482.16,0,0,0,5/3/2015
432857,1,9857,13774,0,10.82,999.10,0.00,0.00,5/4/2015 0:00,5/4/2015 4:27,1049,3277.06,0,0,0,5/4/2015
432857,1,7867,2994,0,6.76,997.97,0.00,0.00,5/4/2015 1:00,5/4/2015 5:27,4149,2533.40,0,0,0,5/4/2015
432857,1,3793,1335,0,8.65,992.08,0.00,0.00,5/4/2015 2:00,5/4/2015 6:27,3645,1197.95,0,0,0,5/4/2015
432857,1,1893,613,0,3.16,997.48,0.00,0.00,5/4/2015 3:00,5/4/2015 7:27,1866,598.94,0,0,0,5/4/2015
432857,1,1150,352,0,6.89,998.16,0.00,0.00,5/4/2015 4:00,5/4/2015 8:27,1129,354.03,0,0,0,5/4/2015
432857,1,686,215,0,4.64,998.79,0.00,0.00,5/4/2015 5:00,5/4/2015 9:27,666,207.56,0,0,0,5/4/2015
432857,1,480,172,0,5.70,993.57,0.00,0.00,5/4/2015 6:00,5/4/2015 10:27,467,137.30,0,0,0,5/4/2015
432857,1,331,88,0,5.44,986.97,0.00,0.00,5/4/2015 7:00,5/4/2015 11:27,324,106.87,0,0,0,5/4/2015
432857,1,1275,337,0,5.94,984.52,0.00,0.00,5/4/2015 8:00,5/4/2015 12:27,1211,447.45,0,0,0,5/4/2015
432857,1,6010,1597,0,7.41,992.23,0.00,0.00,5/4/2015 9:00,5/4/2015 13:27,1123,2084.57,0,0,0,5/4/2015
432857,1,11594,3597,0,7.98,990.06,0.00,0.00,5/4/2015 10:00,5/4/2015 14:27,3011,4115.08,0,0,0,5/4/2015
432857,1,17472,5023,0,15.89,992.92,0.00,0.00,5/4/2015 11:00,5/4/2015 15:27,4994,5855.95,0,0,0,5/4/2015
432857,1,18654,5518,0,23.88,995.17,0.00,0.00,5/4/2015 12:00,5/4/2015 16:27,8155,6369.76,0,0,0,5/4/2015
432857,1,29662,7806,0,47.03,996.59,0.00,0.00,5/4/2015 13:00,5/4/2015 17:27,4498,9968.96,0,0,0,5/4/2015
432857,1,29070,6973,0,41.84,999.65,0.00,0.00,5/4/2015 14:00,5/4/2015 18:27,6144,9234.77,0,0,0,5/4/2015
432857,1,49443,11886,0,27.03,997.63,0.00,0.00,5/4/2015 15:00,5/4/2015 19:27,0,15530.25,0,0,0,5/4/2015
432857,1,51267,11942,0,22.24,999.07,0.00,0.00,5/4/2015 16:00,5/4/2015 20:27,0,15920.22,0,0,0,5/4/2015
432857,1,47719,11545,0,18.93,996.21,0.00,0.00,5/4/2015 17:00,5/4/2015 21:27,0,14589.12,0,0,0,5/4/2015
432857,1,45049,11299,0,42.25,999.72,0.00,0.00,5/4/2015 18:00,5/4/2015 22:27,0,14715.48,0,0,0,5/4/2015
432857,1,47956,12015,0,29.96,995.00,0.00,0.00,5/4/2015 19:00,5/4/2015 23:27,0,14961.69,0,0,0,5/4/2015
432857,1,34756,10778,0,127.44,996.20,0.00,0.00,5/4/2015 20:00,5/5/2015 0:27,0,10761.47,0,0,0,5/4/2015
432857,1,22817,9182,0,40.35,994.93,0.00,0.00,5/4/2015 21:00,5/5/2015 1:27,0,6756.55,0,0,0,5/4/2015
432857,1,24851,9395,0,72.97,993.26,0.00,0.00,5/4/2015 22:00,5/5/2015 2:27,0,7383.20,0,0,0,5/4/2015
432857,1,29618,9994,0,159.91,998.20,0.00,0.00,5/4/2015 23:00,5/5/2015 3:27,0,8581.59,0,0,0,5/4/2015
432857,1,5786,10132,0,40.46,997.39,0.00,0.00,5/5/2015 0:00,5/5/2015 4:27,3030,1925.95,0,0,0,5/5/2015
432857,1,8507,2823,0,23.11,999.50,0.00,0.00,5/5/2015 1:00,5/5/2015 5:27,3634,2794.59,0,0,0,5/5/2015
432857,1,6974,2041,0,23.96,992.87,0.00,0.00,5/5/2015 2:00,5/5/2015 6:27,2573,2265.10,0,8.52329E-05,0,5/5/2015
432857,1,2663,886,0,7.02,1000.00,0.00,0.00,5/5/2015 3:00,5/5/2015 7:27,2606,879.55,0,0,0,5/5/2015
432857,1,1373,390,0,4.71,999.46,0.00,0.00,5/5/2015 4:00,5/5/2015 8:27,1329,442.19,0,0,0,5/5/2015
432857,1,777,265,0,1.23,995.70,0.00,0.00,5/5/2015 5:00,5/5/2015 9:27,764,252.25,0,0,0,5/5/2015
432857,1,1305,349,0,0.98,1000.00,0.00,0.00,5/5/2015 6:00,5/5/2015 10:27,281,389.30,0,0,0,5/5/2015
432857,1,2212,619,0,2.82,992.80,0.00,0.00,5/5/2015 7:00,5/5/2015 11:27,0,676.91,0,0,0,5/5/2015
432857,1,3426,975,0,3.66,991.90,0.00,0.00,5/5/2015 8:00,5/5/2015 12:27,0,1095.87,0,0,0,5/5/2015
432857,1,5328,1599,0,5.82,994.29,0.00,0.00,5/5/2015 9:00,5/5/2015 13:27,475,1782.19,0,0,0,5/5/2015
432857,1,5352,1594,0,8.10,994.25,0.00,0.00,5/5/2015 10:00,5/5/2015 14:27,5226,1991.13,0,0,0,5/5/2015
432857,1,16457,5366,0,26.08,994.28,0.00,0.00,5/5/2015 11:00,5/5/2015 15:27,2927,5659.22,0,0,0,5/5/2015
432857,1,12050,3407,0,23.18,993.95,0.00,0.00,5/5/2015 12:00,5/5/2015 16:27,8426,4219.09,0,0,0,5/5/2015
432857,1,20273,6533,0,27.45,996.50,0.00,0.00,5/5/2015 13:00,5/5/2015 17:27,3378,6823.90,0,0,0,5/5/2015
432857,1,15907,4915,0,27.41,993.15,0.00,0.00,5/5/2015 14:00,5/5/2015 18:27,6761,5494.71,0,0,0,5/5/2015
432857,1,26980,9037,0,26.59,999.30,0.00,0.00,5/5/2015 15:00,5/5/2015 19:27,0,9002.29,0,0,0,5/5/2015
432857,1,27901,9670,0,19.38,999.65,0.00,0.00,5/5/2015 16:00,5/5/2015 20:27,0,9280.18,0,0,0,5/5/2015
432857,1,25580,9061,0,16.38,994.96,0.00,0.00,5/5/2015 17:00,5/5/2015 21:27,0,7995.17,0,0,0,5/5/2015
432857,1,27421,9242,0,22.02,996.56,0.00,0.00,5/5/2015 18:00,5/5/2015 22:27,0,8581.92,0,0,0,5/5/2015
432857,1,23519,8383,0,16.87,991.31,0.00,0.00,5/5/2015 19:00,5/5/2015 23:27,0,7416.38,0,0,0,5/5/2015
432857,1,20082,7982,0,12.64,994.29,0.00,0.00,5/5/2015 20:00,5/6/2015 0:27,0,5990.39,0,0,0,5/5/2015
432857,1,15885,6981,0,23.34,995.35,0.00,0.00,5/5/2015 21:00,5/6/2015 1:27,0,4963.32,0,0,0,5/5/2015
432857,1,14300,6596,0,39.32,998.23,0.00,0.00,5/5/2015 22:00,5/6/2015 2:27,0,4410.51,0,0,0,5/5/2015
432857,1,16288,7066,0,45.93,995.96,0.00,0.00,5/5/2015 23:00,5/6/2015 3:27,0,5208.45,0,0,0,5/5/2015
432857,1,6089,7467,0,23.25,994.08,0.00,0.00,5/6/2015 0:00,5/6/2015 4:27,3106,1967.30,0,0,0,5/6/2015
432857,1,6600,2412,0,21.21,997.56,0.00,0.00,5/6/2015 1:00,5/6/2015 5:27,4430,2191.39,0,0,0,5/6/2015
432857,1,4734,1519,0,17.07,997.69,0.00,0.00,5/6/2015 2:00,5/6/2015 6:27,4529,1484.31,0,0,0,5/6/2015
432857,1,3409,1032,0,7.43,998.89,0.00,0.00,5/6/2015 3:00,5/6/2015 7:27,3361,1100.42,0,0,0,5/6/2015
432857,1,1735,583,0,3.74,998.81,0.00,0.00,5/6/2015 4:00,5/6/2015 8:27,1690,543.43,0,0,0,5/6/2015
432857,1,1310,374,0,2.24,993.20,0.00,0.00,5/6/2015 5:00,5/6/2015 9:27,1297,423.94,0,0,0,5/6/2015
432857,1,1724,500,0,2.00,994.14,0.00,0.00,5/6/2015 6:00,5/6/2015 10:27,494,424.75,0,0,0,5/6/2015
432857,1,8717,1971,0,29.74,995.44,0.00,0.00,5/6/2015 7:00,5/6/2015 11:27,0,1999.89,0,0,0,5/6/2015
432857,1,7584,2477,0,25.68,991.70,0.00,0.00,5/6/2015 8:00,5/6/2015 12:27,0,1986.65,0,0,0,5/6/2015
432857,1,13767,4168,0,37.03,992.07,0.00,0.00,5/6/2015 9:00,5/6/2015 13:27,0,4058.45,0,0,0,5/6/2015
432857,1,7279,2312,0,17.29,992.38,0.00,0.00,5/6/2015 10:00,5/6/2015 14:27,6851,2499.31,0,0,0,5/6/2015
432857,1,30559,8884,0,49.77,996.27,0.00,0.00,5/6/2015 11:00,5/6/2015 15:27,3136,9353.51,0,0,0,5/6/2015
432857,1,14315,4282,0,26.70,992.83,0.00,0.00,5/6/2015 12:00,5/6/2015 16:27,10529,4776.99,0,0,0,5/6/2015
432857,1,33652,9001,0,67.36,994.37,0.00,0.00,5/6/2015 13:00,5/6/2015 17:27,6726,10671.06,0,0,0,5/6/2015
432857,1,29778,7895,0,56.24,995.02,0.00,0.00,5/6/2015 14:00,5/6/2015 18:27,7243,9284.43,0,0,0,5/6/2015
432857,1,48421,13014,0,65.19,991.96,0.00,0.00,5/6/2015 15:00,5/6/2015 19:27,0,14095.35,0,0,0,5/6/2015
432857,1,48289,12760,0,18.02,999.05,0.00,0.00,5/6/2015 16:00,5/6/2015 20:27,0,14060.50,0,0,0,5/6/2015
432857,1,48703,13864,0,17.12,999.60,0.00,0.00,5/6/2015 17:00,5/6/2015 21:27,0,14115.55,0,0,0,5/6/2015
432857,1,51871,13563,0,36.62,994.12,0.00,0.00,5/6/2015 18:00,5/6/2015 22:27,0,14208.04,0,0,0,5/6/2015
432857,1,52972,14294,0,20.26,994.34,0.00,0.00,5/6/2015 19:00,5/6/2015 23:27,0,14439.24,0,0,0,5/6/2015
432857,1,52686,13585,0,30.28,992.02,0.00,0.00,5/6/2015 20:00,5/7/2015 0:27,0,13869.92,0,0,0,5/6/2015
432857,1,35534,12144,0,69.15,994.57,0.00,0.00,5/6/2015 21:00,5/7/2015 1:27,0,8750.34,0,0,0,5/6/2015
432857,1,34220,12577,0,69.20,994.73,0.00,0.00,5/6/2015 22:00,5/7/2015 2:27,0,8160.86,0,0,0,5/6/2015
432857,1,34029,12759,0,69.86,993.44,0.00,0.00,5/6/2015 23:00,5/7/2015 3:27,0,9190.13,0,0,0,5/6/2015
432857,1,9726,13908,0,19.94,995.29,0.00,0.00,5/7/2015 0:00,5/7/2015 4:27,4465,2955.04,0,8.15848E-07,0,5/7/2015
432857,1,10635,6794,0,19.40,999.09,0.00,0.00,5/7/2015 1:00,5/7/2015 5:27,4586,3050.51,0,0,0,5/7/2015
432857,1,5415,1917,0,17.12,992.99,0.00,0.00,5/7/2015 2:00,5/7/2015 6:27,5284,1684.18,0,0,0,5/7/2015
432857,1,3461,1240,0,10.03,993.39,0.00,0.00,5/7/2015 3:00,5/7/2015 7:27,3393,1108.67,0,0,0,5/7/2015
432857,1,1739,591,0,5.09,1000.00,0.00,0.00,5/7/2015 4:00,5/7/2015 8:27,1675,506.87,0,0,0,5/7/2015
432857,1,1379,426,0,2.33,989.66,0.00,0.00,5/7/2015 5:00,5/7/2015 9:27,1350,449.65,0,0,0,5/7/2015
432857,1,746,208,0,1.55,995.63,0.00,0.00,5/7/2015 6:00,5/7/2015 10:27,736,242.85,0,0,0,5/7/2015
432857,1,1035,283,0,2.25,998.72,0.00,0.00,5/7/2015 7:00,5/7/2015 11:27,1010,336.32,0,0,0,5/7/2015
432857,1,2939,827,0,3.84,990.20,0.00,0.00,5/7/2015 8:00,5/7/2015 12:27,1099,971.15,0,0,0,5/7/2015
432857,1,18702,5061,0,17.61,992.87,0.00,0.00,5/7/2015 9:00,5/7/2015 13:27,0,5541.37,0,0,0,5/7/2015
432857,1,11467,4252,0,16.37,993.48,0.00,0.00,5/7/2015 10:00,5/7/2015 14:27,4545,3702.77,0,0,0,5/7/2015
432857,1,18297,4979,0,40.12,995.38,0.00,0.00,5/7/2015 11:00,5/7/2015 15:27,7491,6143.58,0,0,0,5/7/2015
432857,1,29192,7526,0,166.11,994.86,0.00,0.00,5/7/2015 12:00,5/7/2015 16:27,8714,9329.96,0,0,0,5/7/2015
432857,1,20633,5394,0,36.85,995.74,0.00,0.00,5/7/2015 13:00,5/7/2015 17:27,9802,6610.34,0,0,0,5/7/2015
432857,1,31905,8538,0,80.05,992.24,0.00,0.00,5/7/2015 14:00,5/7/2015 18:27,6125,10375.80,0,0,0,5/7/2015
432857,1,47992,11960,0,63.03,994.14,0.00,0.00,5/7/2015 15:00,5/7/2015 19:27,0,14087.41,0,0,0,5/7/2015
432857,1,38418,8889,0,18.34,997.91,0.00,0.00,5/7/2015 16:00,5/7/2015 20:27,0,10901.16,0,0,0,5/7/2015
432857,1,11020,3208,0,3.67,998.15,0.00,0.00,5/7/2015 17:00,5/7/2015 21:27,0,3026.76,0,0,0,5/7/2015
432857,1,57250,14343,0,49.02,996.63,0.00,0.00,5/7/2015 18:00,5/7/2015 22:27,0,16943.02,0,0,0,5/7/2015
432857,1,54590,14481,0,57.34,997.30,0.00,0.00,5/7/2015 19:00,5/7/2015 23:27,0,15864.40,0,0,0,5/7/2015
432857,1,39896,12685,0,25.51,997.14,0.00,0.00,5/7/2015 20:00,5/8/2015 0:27,0,12259.13,0,0,0,5/7/2015
432857,1,28801,11946,0,25.20,994.90,0.00,0.00,5/7/2015 21:00,5/8/2015 1:27,0,8070.00,0,0,0,5/7/2015
432857,1,31712,12086,0,73.04,995.89,0.00,0.00,5/7/2015 22:00,5/8/2015 2:27,0,9048.25,0,0,0,5/7/2015
432857,1,37357,11782,0,129.15,992.49,0.00,0.00,5/7/2015 23:00,5/8/2015 3:27,0,11691.00,0,0,0,5/7/2015
432857,1,10537,13668,0,19.82,997.21,0.00,0.00,5/8/2015 0:00,5/8/2015 4:27,4504,3473.97,0,0,0,5/8/2015
432857,1,14262,7144,0,14.98,997.69,0.00,0.00,5/8/2015 1:00,5/8/2015 5:27,5302,4699.22,0,0,0,5/8/2015
432857,1,5464,2251,0,9.68,996.99,0.00,0.00,5/8/2015 2:00,5/8/2015 6:27,5272,1735.22,0,0,0,5/8/2015
432857,1,3299,1157,0,4.44,998.81,0.00,0.00,5/8/2015 3:00,5/8/2015 7:27,3161,1080.60,0,0,0,5/8/2015
432857,1,1590,540,0,2.65,996.18,0.00,0.00,5/8/2015 4:00,5/8/2015 8:27,1566,500.11,0,0,0,5/8/2015
432857,1,879,265,0,0.89,997.42,0.00,0.00,5/8/2015 5:00,5/8/2015 9:27,868,273.53,0,0,0,5/8/2015
432857,1,657,238,0,1.11,998.81,0.00,0.00,5/8/2015 6:00,5/8/2015 10:27,645,187.93,0,0,0,5/8/2015
432857,1,5292,1266,0,7.10,989.43,0.00,0.00,5/8/2015 7:00,5/8/2015 11:27,15,1612.53,0,0,0,5/8/2015
432857,1,9031,2734,0,4.93,992.01,0.00,0.00,5/8/2015 8:00,5/8/2015 12:27,0,2451.90,0,0,0,5/8/2015
432857,1,14072,4369,0,8.20,989.67,0.00,0.00,5/8/2015 9:00,5/8/2015 13:27,0,4435.55,0,0,0,5/8/2015
432857,1,9203,3053,0,7.46,994.64,0.00,0.00,5/8/2015 10:00,5/8/2015 14:27,6280,3101.51,0,0,0,5/8/2015
432857,1,30743,7983,0,24.86,993.43,0.00,0.00,5/8/2015 11:00,5/8/2015 15:27,3046,10170.40,0,0,0,5/8/2015
432857,1,18773,5060,0,20.33,994.35,0.00,0.00,5/8/2015 12:00,5/8/2015 16:27,10703,6376.93,0,0,0,5/8/2015
432857,1,54963,12780,0,54.12,996.97,0.00,0.00,5/8/2015 13:00,5/8/2015 17:27,0,16432.15,0,0,0,5/8/2015
432857,1,56030,13145,0,56.62,995.40,0.00,0.00,5/8/2015 14:00,5/8/2015 18:27,0,17451.31,0,0,0,5/8/2015
432857,1,50196,13584,0,35.68,995.96,0.00,0.00,5/8/2015 15:00,5/8/2015 19:27,0,15136.80,0,0,0,5/8/2015
432857,1,47886,13018,0,15.62,996.63,0.00,0.00,5/8/2015 16:00,5/8/2015 20:27,0,13901.80,0,0,0,5/8/2015
432857,1,51535,13318,0,15.08,994.27,0.00,0.00,5/8/2015 17:00,5/8/2015 21:27,0,15299.32,0,0,0,5/8/2015
432857,1,47045,12295,0,15.48,993.73,0.00,0.00,5/8/2015 18:00,5/8/2015 22:27,0,13879.11,0,0,0,5/8/2015
432857,1,49184,12520,0,16.34,993.12,0.00,0.00,5/8/2015 19:00,5/8/2015 23:27,0,13801.48,0,0,0,5/8/2015
432857,1,36255,12139,0,13.25,993.78,0.00,0.00,5/8/2015 20:00,5/9/2015 0:27,0,11072.57,0,0,0,5/8/2015
432857,1,27929,10263,0,18.37,996.95,0.00,0.00,5/8/2015 21:00,5/9/2015 1:27,0,8792.68,0,0,0,5/8/2015
432857,1,21717,7974,0,29.65,991.64,0.00,0.00,5/8/2015 22:00,5/9/2015 2:27,1762,7318.97,0,0,0,5/8/2015
432857,1,6977,3710,0,7.57,992.84,0.00,0.00,5/8/2015 23:00,5/9/2015 3:27,6647,2302.30,0,0,0,5/8/2015
432857,1,4525,7497,0,5.61,996.55,0.00,0.00,5/9/2015 0:00,5/9/2015 4:27,4350,1492.69,0,0,0,5/9/2015
432857,1,4556,23924,0,4.09,994.51,0.00,0.00,5/9/2015 1:00,5/9/2015 5:27,2326,1357.03,0,0,0,5/9/2015
432857,1,0,35961,0,0.00,NULL,NULL,NULL,5/9/2015 2:00,5/9/2015 6:27,0,0.00,0,NULL,NULL,5/9/2015
432857,1,16,20043,0,0.01,937.50,0.00,0.00,5/9/2015 3:00,5/9/2015 7:27,0,4.24,0,0,0,5/9/2015
432857,1,8049,2918,0,8.40,999.63,0.00,0.00,5/9/2015 4:00,5/9/2015 8:27,0,2313.96,0,0,0,5/9/2015
432857,1,5244,1543,0,8.38,992.70,0.00,0.00,5/9/2015 5:00,5/9/2015 9:27,0,1658.51,0,0,0,5/9/2015
432857,1,3620,1006,0,4.76,996.75,0.00,0.00,5/9/2015 6:00,5/9/2015 10:27,0,1056.68,0,0,0,5/9/2015
432857,1,3478,883,0,3.76,991.35,0.00,0.00,5/9/2015 7:00,5/9/2015 11:27,0,907.07,0,0,0,5/9/2015
432857,1,1972,594,0,1.43,995.06,0.00,0.00,5/9/2015 8:00,5/9/2015 12:27,1150,583.48,0,0,0,5/9/2015
432857,1,5042,1424,0,3.40,990.68,0.00,0.00,5/9/2015 9:00,5/9/2015 13:27,833,1619.01,0,0,0,5/9/2015
432857,1,10059,2860,0,16.65,996.25,0.00,0.00,5/9/2015 10:00,5/9/2015 14:27,2007,2956.38,0,0,0,5/9/2015
432857,1,18403,5309,0,61.51,993.94,0.00,0.00,5/9/2015 11:00,5/9/2015 15:27,1411,5197.35,0,0,0,5/9/2015
432857,1,23052,6851,0,32.57,992.96,0.00,0.00,5/9/2015 12:00,5/9/2015 16:27,2003,6241.36,0,0,0,5/9/2015
432857,1,15985,4940,0,25.18,995.22,0.00,0.00,5/9/2015 13:00,5/9/2015 17:27,4459,5069.85,0,0,0,5/9/2015
432857,1,16358,5316,0,18.30,995.32,0.00,0.00,5/9/2015 14:00,5/9/2015 18:27,2662,4915.61,0,0,0,5/9/2015
432857,1,22236,6715,0,14.01,994.69,0.00,0.00,5/9/2015 15:00,5/9/2015 19:27,0,6708.88,0,0,0,5/9/2015
432857,1,28236,8016,0,7.71,995.78,0.00,0.00,5/9/2015 16:00,5/9/2015 20:27,0,8639.04,0,0,0,5/9/2015
432857,1,33324,8990,0,6.99,995.00,0.00,0.00,5/9/2015 17:00,5/9/2015 21:27,0,9712.18,0,0,0,5/9/2015
432857,1,38968,9964,0,7.10,992.69,0.00,0.00,5/9/2015 18:00,5/9/2015 22:27,0,11771.10,0,0,0,5/9/2015
432857,1,37206,9491,0,10.02,993.97,0.00,0.00,5/9/2015 19:00,5/9/2015 23:27,0,10522.22,0,0,0,5/9/2015
432857,1,31642,8407,0,5.39,993.24,0.00,0.00,5/9/2015 20:00,5/10/2015 0:27,0,8997.68,0,0,0,5/9/2015
432857,1,26558,7381,0,17.31,993.39,0.00,0.00,5/9/2015 21:00,5/10/2015 1:27,0,8295.88,0,0,0,5/9/2015
432857,1,32577,8318,0,18.41,993.51,0.00,0.00,5/9/2015 22:00,5/10/2015 2:27,0,9419.66,0,0,0,5/9/2015
432857,1,28360,8819,0,24.66,994.34,0.00,0.00,5/9/2015 23:00,5/10/2015 3:27,0,8443.40,0,0,0,5/9/2015
432857,1,14218,11390,0,15.19,997.90,0.00,0.00,5/10/2015 0:00,5/10/2015 4:27,1533,4327.28,0,7.99762E-07,0,5/10/2015
432857,1,17994,7471,0,9.52,996.40,0.00,0.00,5/10/2015 1:00,5/10/2015 5:27,2592,4935.73,0,0,0,5/10/2015
432857,1,17537,5407,0,25.27,987.75,0.00,0.00,5/10/2015 2:00,5/10/2015 6:27,1447,5230.92,0,0,0,5/10/2015
432857,1,4738,1846,0,3.94,998.06,0.00,0.00,5/10/2015 3:00,5/10/2015 7:27,2179,1460.22,0,0,0,5/10/2015
432857,1,6574,1930,0,5.02,997.85,0.00,0.00,5/10/2015 4:00,5/10/2015 8:27,183,2075.34,0,0,0,5/10/2015
432857,1,1051,368,0,0.66,998.87,0.00,0.00,5/10/2015 5:00,5/10/2015 9:27,1032,321.40,0,0,0,5/10/2015
432857,1,1514,406,0,0.65,994.36,0.00,0.00,5/10/2015 6:00,5/10/2015 10:27,275,417.73,0,0,0,5/10/2015
432857,1,2493,749,0,1.00,994.48,0.00,0.00,5/10/2015 7:00,5/10/2015 11:27,0,683.63,0,0,0,5/10/2015
432857,1,3422,998,0,2.54,994.17,0.00,0.00,5/10/2015 8:00,5/10/2015 12:27,0,840.35,0,0,0,5/10/2015
432857,1,8623,2433,0,3.55,992.13,0.00,0.00,5/10/2015 9:00,5/10/2015 13:27,485,2445.31,0,0,0,5/10/2015
432857,1,5565,1597,0,2.63,989.54,0.00,0.00,5/10/2015 10:00,5/10/2015 14:27,3208,1796.83,0,0,0,5/10/2015
432857,1,15431,4738,0,10.13,997.38,0.00,0.00,5/10/2015 11:00,5/10/2015 15:27,2476,5058.55,0,0,0,5/10/2015
432857,1,11873,3291,0,5.84,994.35,0.00,0.00,5/10/2015 12:00,5/10/2015 16:27,3903,3594.82,0,0,0,5/10/2015
432857,1,13370,4221,0,6.82,994.73,0.00,0.00,5/10/2015 13:00,5/10/2015 17:27,3915,4113.76,0,0,0,5/10/2015
432857,1,9870,2996,0,5.61,993.53,0.00,0.00,5/10/2015 14:00,5/10/2015 18:27,4547,3111.00,0,0,0,5/10/2015
432857,1,27901,8068,0,8.57,993.42,0.00,0.00,5/10/2015 15:00,5/10/2015 19:27,0,8004.92,0,0,0,5/10/2015
432857,1,25827,7585,0,3.19,996.90,0.00,0.00,5/10/2015 16:00,5/10/2015 20:27,0,7904.63,0,0,0,5/10/2015
432857,1,28575,8185,0,4.64,993.82,0.00,0.00,5/10/2015 17:00,5/10/2015 21:27,0,8713.06,0,0,0,5/10/2015
432857,1,29357,8268,0,6.92,993.35,0.00,0.00,5/10/2015 18:00,5/10/2015 22:27,0,8261.29,0,0,0,5/10/2015
432857,1,28228,8139,0,5.04,993.27,0.00,0.00,5/10/2015 19:00,5/10/2015 23:27,0,8188.90,0,0,0,5/10/2015
432857,1,34850,9259,0,4.90,992.09,0.00,0.00,5/10/2015 20:00,5/11/2015 0:27,0,10240.83,0,0,0,5/10/2015
432857,1,31207,9015,0,20.64,992.63,0.00,0.00,5/10/2015 21:00,5/11/2015 1:27,0,9869.24,0,0,0,5/10/2015
432857,1,31105,9146,0,27.93,990.09,0.00,0.00,5/10/2015 22:00,5/11/2015 2:27,0,9398.20,0,0,0,5/10/2015
432857,1,36286,9609,0,17.93,990.98,0.00,0.00,5/10/2015 23:00,5/11/2015 3:27,0,10812.60,0,0,0,5/10/2015
432857,1,14770,16705,0,9.03,995.89,0.00,0.00,5/11/2015 0:00,5/11/2015 4:27,1570,4684.92,0,0,0,5/11/2015
432857,1,14373,4969,0,11.41,996.72,0.00,0.00,5/11/2015 1:00,5/11/2015 5:27,6918,4391.68,0,0,0,5/11/2015
432857,1,4933,2354,0,2.87,991.84,0.00,0.00,5/11/2015 2:00,5/11/2015 6:27,4823,1659.52,0,0,0,5/11/2015
432857,1,3595,1372,0,4.61,997.91,0.00,0.00,5/11/2015 3:00,5/11/2015 7:27,3537,1186.01,0,0,0,5/11/2015
432857,1,1688,606,0,1.08,997.60,0.00,0.00,5/11/2015 4:00,5/11/2015 8:27,1641,583.51,0,0,0,5/11/2015
432857,1,907,263,0,0.65,992.23,0.00,0.00,5/11/2015 5:00,5/11/2015 9:27,879,296.31,0,0,0,5/11/2015
432857,1,847,271,0,0.40,993.82,0.00,0.00,5/11/2015 6:00,5/11/2015 10:27,832,292.99,0,0,0,5/11/2015
432857,1,904,267,0,0.32,989.42,0.00,0.00,5/11/2015 7:00,5/11/2015 11:27,888,327.79,0,0,0,5/11/2015
432857,1,1423,388,0,0.60,989.74,0.00,0.00,5/11/2015 8:00,5/11/2015 12:27,1396,502.63,0,0,0,5/11/2015
432857,1,3790,983,0,1.27,992.42,0.00,0.00,5/11/2015 9:00,5/11/2015 13:27,3716,1343.79,0,0,0,5/11/2015
432857,1,7152,1998,0,4.03,991.21,0.00,0.00,5/11/2015 10:00,5/11/2015 14:27,7015,2482.45,0,0,0,5/11/2015
432857,1,11379,2665,0,7.67,994.73,0.00,0.00,5/11/2015 11:00,5/11/2015 15:27,11219,3996.95,0,0,0,5/11/2015
432857,1,45309,9242,0,19.11,994.30,0.00,0.00,5/11/2015 12:00,5/11/2015 16:27,5152,13974.99,0,0,0,5/11/2015
432857,1,15769,2526,0,7.96,992.81,0.00,0.00,5/11/2015 13:00,5/11/2015 17:27,15396,5542.87,0,0,0,5/11/2015
432857,1,66627,11344,0,35.07,996.75,0.00,0.00,5/11/2015 14:00,5/11/2015 18:27,1089,20266.71,0,0,0,5/11/2015
432857,1,80424,13139,0,20.34,999.49,0.00,0.00,5/11/2015 15:00,5/11/2015 19:27,0,22771.62,0,0,0,5/11/2015
432857,1,81673,13243,0,11.72,998.47,0.00,0.00,5/11/2015 16:00,5/11/2015 20:27,0,24534.71,0,0,0,5/11/2015
432857,1,89881,14420,0,8.46,993.03,0.00,0.00,5/11/2015 17:00,5/11/2015 21:27,0,25640.93,0,0,0,5/11/2015
432857,1,91977,14896,0,9.72,994.15,0.00,0.00,5/11/2015 18:00,5/11/2015 22:27,0,25406.67,0,0,0,5/11/2015
432857,1,88140,14711,0,9.69,991.75,0.00,0.00,5/11/2015 19:00,5/11/2015 23:27,0,24080.81,0,0,0,5/11/2015
432857,1,61523,13259,0,7.22,994.64,0.00,0.00,5/11/2015 20:00,5/12/2015 0:27,0,16857.42,0,0,0,5/11/2015
432857,1,50823,11797,0,3.43,994.06,0.00,0.00,5/11/2015 21:00,5/12/2015 1:27,0,15472.22,0,0,0,5/11/2015
432857,1,45586,12152,0,1.85,994.90,0.00,0.00,5/11/2015 22:00,5/12/2015 2:27,0,12838.65,0,0,0,5/11/2015
432857,1,49988,11749,0,2.04,996.83,0.00,0.00,5/11/2015 23:00,5/12/2015 3:27,0,15145.39,0,0,0,5/11/2015
432857,1,11394,15956,0,0.52,995.97,0.00,0.00,5/12/2015 0:00,5/12/2015 4:27,5326,3598.25,0,3.6987E-06,0,5/12/2015
432857,1,12897,10353,0,0.62,999.55,0.00,0.00,5/12/2015 1:00,5/12/2015 5:27,4478,4094.26,0,4.37713E-13,0,5/12/2015
432857,1,12151,3785,0,0.50,994.78,0.00,0.00,5/12/2015 2:00,5/12/2015 6:27,3207,4012.50,0,1.39742E-06,0,5/12/2015
432857,1,2046,1005,0,0.13,1000.00,0.00,0.00,5/12/2015 3:00,5/12/2015 7:27,2008,709.62,0,3.99E-142,0,5/12/2015
432857,1,1394,449,0,0.62,999.12,0.00,0.00,5/12/2015 4:00,5/12/2015 8:27,1376,505.72,0,9.62E-300,0,5/12/2015
432857,1,1183,383,0,0.04,999.02,0.00,0.00,5/12/2015 5:00,5/12/2015 9:27,1178,452.47,0,0,0,5/12/2015
432857,1,915,257,0,0.04,981.47,0.00,0.00,5/12/2015 6:00,5/12/2015 10:27,897,336.29,0,0,0,5/12/2015
432857,1,597,178,0,0.28,998.61,0.00,0.00,5/12/2015 7:00,5/12/2015 11:27,572,207.62,0,0,0,5/12/2015
432857,1,1218,345,0,0.06,994.72,0.00,0.00,5/12/2015 8:00,5/12/2015 12:27,1190,449.34,0,0,0,5/12/2015
432857,1,2759,723,0,0.08,996.79,0.00,0.00,5/12/2015 9:00,5/12/2015 13:27,2681,1050.71,0,0,0,5/12/2015
432857,1,4723,1471,0,0.28,991.65,0.00,0.00,5/12/2015 10:00,5/12/2015 14:27,4606,1745.21,0,0,0,5/12/2015
432857,1,7621,2220,0,0.77,994.01,0.00,0.00,5/12/2015 11:00,5/12/2015 15:27,7349,2879.32,0,0,0,5/12/2015
432857,1,18843,6713,0,0.96,999.80,0.00,0.00,5/12/2015 12:00,5/12/2015 16:27,2404,6829.81,0,0,0,5/12/2015
432857,1,23903,8289,0,0.98,998.27,0.00,0.00,5/12/2015 13:00,5/12/2015 17:27,0,8243.83,0,0,0,5/12/2015
432857,1,25681,8692,0,1.42,993.23,0.00,0.00,5/12/2015 14:00,5/12/2015 18:27,0,8641.97,0,0,0,5/12/2015
432857,1,24286,8922,0,1.49,999.39,0.00,0.00,5/12/2015 15:00,5/12/2015 19:27,0,7898.28,0,0,0,5/12/2015
432857,1,25114,9334,0,1.63,997.05,0.00,0.00,5/12/2015 16:00,5/12/2015 20:27,0,8070.27,0,0,0,5/12/2015
432857,1,25666,8970,0,1.57,995.54,0.00,0.00,5/12/2015 17:00,5/12/2015 21:27,0,8356.65,0,0,0,5/12/2015
432857,1,30833,9779,0,2.08,999.03,0.00,0.00,5/12/2015 18:00,5/12/2015 22:27,0,9709.20,0,0,0,5/12/2015
432857,1,21174,7619,0,1.62,994.01,0.00,0.00,5/12/2015 19:00,5/12/2015 23:27,0,6827.44,0,0,0,5/12/2015
432857,1,13589,5486,0,0.78,994.18,0.00,0.00,5/12/2015 20:00,5/13/2015 0:27,0,4614.38,0,0,0,5/12/2015
432857,1,9648,4527,0,0.86,997.87,0.00,0.00,5/12/2015 21:00,5/13/2015 1:27,0,3210.01,0,0,0,5/12/2015
432857,1,7786,3893,0,0.61,994.95,0.00,0.00,5/12/2015 22:00,5/13/2015 2:27,968,2461.24,0,0,0,5/12/2015
432857,1,5054,2750,0,1.15,993.67,0.00,0.00,5/12/2015 23:00,5/13/2015 3:27,4512,1639.57,0,0,0,5/12/2015
432857,1,4660,2613,0,0.34,995.96,0.00,0.00,5/13/2015 0:00,5/13/2015 4:27,4284,1436.90,0,0,0,5/13/2015
432857,1,4508,1825,0,1.68,997.49,0.00,0.00,5/13/2015 1:00,5/13/2015 5:27,4196,1464.50,0,0,0,5/13/2015
432857,1,3684,1090,0,0.66,999.24,0.00,0.00,5/13/2015 2:00,5/13/2015 6:27,3553,1130.75,0,0,0,5/13/2015
432857,1,2988,893,0,0.40,1000.00,0.00,0.00,5/13/2015 3:00,5/13/2015 7:27,2928,906.26,0,0,0,5/13/2015
432857,1,1774,589,0,0.13,998.30,0.00,0.00,5/13/2015 4:00,5/13/2015 8:27,1745,520.04,0,0,0,5/13/2015
432857,1,1060,288,0,0.31,999.31,0.00,0.00,5/13/2015 5:00,5/13/2015 9:27,1041,305.08,0,0,0,5/13/2015
432857,1,776,233,0,0.05,997.05,0.00,0.00,5/13/2015 6:00,5/13/2015 10:27,769,242.73,0,0,0,5/13/2015
432857,1,801,202,0,0.03,999.02,0.00,0.00,5/13/2015 7:00,5/13/2015 11:27,794,246.06,0,0,0,5/13/2015
432857,1,1603,421,0,0.10,997.65,0.00,0.00,5/13/2015 8:00,5/13/2015 12:27,1555,560.25,0,0,0,5/13/2015
432857,1,4679,1153,0,0.26,994.17,0.00,0.00,5/13/2015 9:00,5/13/2015 13:27,4592,1619.64,0,0,0,5/13/2015
432857,1,7949,2092,0,0.65,995.81,0.00,0.00,5/13/2015 10:00,5/13/2015 14:27,7820,2706.95,0,0,0,5/13/2015
432857,1,12587,2989,0,0.85,995.14,0.00,0.00,5/13/2015 11:00,5/13/2015 15:27,12366,4273.63,0,0,0,5/13/2015
432857,1,3916,1396,0,0.27,998.68,0.00,0.00,5/13/2015 12:00,5/13/2015 16:27,3885,1283.99,0,0,0,5/13/2015
432857,1,490,810,0,0.04,998.61,0.00,0.00,5/13/2015 13:00,5/13/2015 17:27,479,152.00,0,0,0,5/13/2015
432857,1,6118,1301,0,0.52,998.41,0.00,0.00,5/13/2015 14:00,5/13/2015 18:27,5888,1933.49,0,0,0,5/13/2015
432857,1,14284,2923,0,1.23,997.09,0.00,0.00,5/13/2015 15:00,5/13/2015 19:27,13957,4603.63,0,0,0,5/13/2015
432857,1,22901,3726,0,1.66,994.13,0.00,0.00,5/13/2015 16:00,5/13/2015 20:27,11908,7275.38,0,0,0,5/13/2015
432857,1,74109,13206,0,4.68,999.80,0.00,0.00,5/13/2015 17:00,5/13/2015 21:27,0,23291.45,0,0,0,5/13/2015
432857,1,66906,12806,0,4.25,998.43,0.00,0.00,5/13/2015 18:00,5/13/2015 22:27,0,21244.98,0,0,0,5/13/2015
432857,1,59728,12488,0,4.03,994.88,0.00,0.00,5/13/2015 19:00,5/13/2015 23:27,0,18883.00,0,0,0,5/13/2015
432857,1,62814,12258,0,3.50,993.13,0.00,0.00,5/13/2015 20:00,5/14/2015 0:27,0,19966.75,0,0,0,5/13/2015
432857,1,103998,14707,0,4.58,994.44,0.00,0.00,5/13/2015 21:00,5/14/2015 1:27,0,31777.29,0,0,0,5/13/2015
432857,1,100224,14483,0,4.20,995.23,0.00,0.00,5/13/2015 22:00,5/14/2015 2:27,0,29868.62,0,0,0,5/13/2015
432857,1,117974,14640,0,4.57,996.11,0.00,0.00,5/13/2015 23:00,5/14/2015 3:27,0,37058.92,0,0,0,5/13/2015
432857,1,49052,36084,0,2.03,995.43,0.00,0.00,5/14/2015 0:00,5/14/2015 4:27,5221,15506.33,0,0,0,5/14/2015
432857,1,72047,16501,0,3.41,993.62,0.00,0.00,5/14/2015 1:00,5/14/2015 5:27,4880,22225.26,0,0,0,5/14/2015
432857,1,49690,11939,0,2.62,999.19,0.00,0.00,5/14/2015 2:00,5/14/2015 6:27,3340,15424.60,0,0,0,5/14/2015
432857,1,24330,7118,0,2.20,999.34,0.00,0.00,5/14/2015 3:00,5/14/2015 7:27,4697,7752.02,0,0,0,5/14/2015
432857,1,17805,8817,0,1.37,999.44,0.00,0.00,5/14/2015 4:00,5/14/2015 8:27,0,5474.92,0,0,0,5/14/2015
432857,1,2694,3302,0,0.14,1000.00,0.00,0.00,5/14/2015 5:00,5/14/2015 9:27,1839,837.34,0,0,0,5/14/2015
432857,1,1739,2493,0,0.08,996.24,0.00,0.00,5/14/2015 6:00,5/14/2015 10:27,1714,561.48,0,0,0,5/14/2015
432857,1,2533,2958,0,0.11,994.60,0.00,0.00,5/14/2015 7:00,5/14/2015 11:27,1074,829.73,0,0,0,5/14/2015
432857,1,15578,5860,0,0.64,994.19,0.00,0.00,5/14/2015 8:00,5/14/2015 12:27,0,5302.41,0,0,0,5/14/2015
432857,1,34526,8486,0,1.37,989.81,0.00,0.00,5/14/2015 9:00,5/14/2015 13:27,1574,10964.07,0,0,0,5/14/2015
432857,1,61504,12792,0,2.91,992.89,0.00,0.00,5/14/2015 10:00,5/14/2015 13:27,4474,19598.07,0,0,0,5/14/2015
432857,1,88936,13036,0,7.71,994.92,0.00,0.00,5/14/2015 11:00,5/14/2015 13:27,5758,29101.97,0,0,0,5/14/2015
432857,1,121331,19552,0,7.29,997.65,0.00,0.00,5/14/2015 12:00,5/14/2015 13:27,9013,39655.96,0,0,0,5/14/2015
432857,1,47412,7405,0,3.60,991.37,0.00,0.00,5/14/2015 13:00,5/14/2015 13:27,9124,15619.09,0,0,0,5/14/2015
